{
    "f1_macro": 0.8545659217575127,
    "accuracy": 0.840818363273453,
    "f1_per_class": {
        "soja": 0.8041666666666667,
        "milho": 0.7019975540154912,
        "trigo": 0.998211091234347,
        "aveia": 0.9870967741935484,
        "feij\u00e3o": 0.7813575226775101
    },
    "tempo_medio_ms": 4.637652245517176,
    "tempo_treino_segundos": 2185.2384611000307
}