{
    "f1_macro": 0.8611740403718231,
    "accuracy": 0.8460207612456747,
    "f1_per_class": {
        "soja": 0.8044813877846043,
        "milho": 0.730844793713163,
        "trigo": 0.9991668980838656,
        "aveia": 0.9941176470588236,
        "feij\u00e3o": 0.7772594752186589
    },
    "tempo_medio_ms": 5.550987110721622
}