{
    "f1_macro": 0.8595354543824534,
    "accuracy": 0.8441436360218086,
    "f1_per_class": {
        "soja": 0.8321678321678322,
        "milho": 0.7333046100818613,
        "trigo": 1.0,
        "aveia": 0.9933014354066986,
        "feij\u00e3o": 0.7389033942558747
    },
    "tempo_medio_ms": 5.326486050008062
}