{
    "f1_macro": 0.8340169036807483,
    "accuracy": 0.8372,
    "f1_per_class": {
        "soja": 0.8156934306569343,
        "milho": 0.6751592356687898,
        "trigo": 0.9890329012961117,
        "aveia": 0.9792284866468842,
        "feij\u00e3o": 0.7109704641350211
    },
    "tempo_medio_ms": 4.759986840002239
}