{
    "f1_macro": 0.8582619330321446,
    "accuracy": 0.8434797072521624,
    "f1_per_class": {
        "soja": 0.8078733418913137,
        "milho": 0.7236180904522613,
        "trigo": 0.9991063449508489,
        "aveia": 0.9870967741935484,
        "feij\u00e3o": 0.7736151136727506
    },
    "tempo_medio_ms": 4.926448436471753,
    "tempo_treino_segundos": 2660.6644357000478
}