{
    "f1_macro": 0.8588131524697703,
    "accuracy": 0.8423153692614771,
    "f1_per_class": {
        "soja": 0.8155668358714044,
        "milho": 0.7163720215219063,
        "trigo": 0.9994040524433849,
        "aveia": 0.9951377633711507,
        "feij\u00e3o": 0.7675850891410049
    },
    "tempo_medio_ms": 4.571353010652793,
    "tempo_treino_segundos": 2383.093002099893
}