{
    "f1_macro": 0.8610154085752045,
    "accuracy": 0.8451430472388556,
    "f1_per_class": {
        "soja": 0.8116438356164384,
        "milho": 0.7259541984732825,
        "trigo": 0.9994036970781157,
        "aveia": 0.9935275080906149,
        "feij\u00e3o": 0.774547803617571
    },
    "tempo_medio_ms": 5.549654391230502,
    "tempo_treino_segundos": 3259.7056188000133
}