kml,data,true,pred,confianca,prob_true,acerto,tempo_seg
TRIGO_517917448-1_plantio_01-06-24_colheita_14-10-24.kml,2024-06-01,TRIGO,TRIGO,93.4,93.4,True,10.1
FEIJÃO_519081820-1_plantio_10-02-25_colheita_20-05-25.kml,2025-02-10,FEIJÃO,FEIJÃO,93.3,93.3,True,10.2
SOJA_517864529-1_plantio_18-09-24_colheita_16-01-25.kml,2024-09-18,SOJA,FEIJÃO,90.4,4.9,False,10.2
SOJA_520233760-1_plantio_21-11-25_colheita_01-04-26.kml,2025-11-21,SOJA,SOJA,57.4,57.4,True,10.2
FEIJÃO_518993015-1_plantio_13-02-25_colheita_20-06-25.kml,2025-02-13,FEIJÃO,FEIJÃO,86.7,86.7,True,10.3
SOJA_518145934-1_plantio_01-10-24_colheita_25-02-25.kml,2024-10-01,SOJA,SOJA,54.2,54.2,True,10.1
MILHO_518237813-1_plantio_01-08-24_colheita_28-12-24.kml,2024-08-01,MILHO,MILHO,77.4,77.4,True,10.1
TRIGO_519843114-1_plantio_21-04-25_colheita_15-09-25.kml,2025-04-21,TRIGO,TRIGO,88.4,88.4,True,10.1
TRIGO_517779638-1_plantio_10-06-24_colheita_25-10-24.kml,2024-06-10,TRIGO,TRIGO,92.7,92.7,True,10.1
AVEIA_517792798-1_plantio_25-05-24_colheita_25-10-24.kml,2024-05-25,AVEIA,AVEIA,90.9,90.9,True,10.1
FEIJÃO_517426531-1_plantio_11-02-24_colheita_05-05-24.kml,2024-02-11,FEIJÃO,FEIJÃO,73.4,73.4,True,10.1
AVEIA_517938053-1_plantio_21-05-24_colheita_20-10-24.kml,2024-05-21,AVEIA,AVEIA,92.0,92.0,True,10.1
SOJA_518558631-1_plantio_10-11-24_colheita_25-03-25.kml,2024-11-10,SOJA,SOJA,44.5,44.5,True,10.1
TRIGO_517351987-1_plantio_20-04-24_colheita_20-08-24.kml,2024-04-20,TRIGO,TRIGO,88.3,88.3,True,10.1
TRIGO_517631557-1_plantio_01-06-24_colheita_01-10-24.kml,2024-06-01,TRIGO,TRIGO,92.5,92.5,True,10.1
TRIGO_519547105-1_plantio_01-06-25_colheita_15-10-25.kml,2025-06-01,TRIGO,TRIGO,93.3,93.3,True,10.1
FEIJÃO_520145040-1_plantio_01-09-25_colheita_20-11-25.kml,2025-09-01,FEIJÃO,MILHO,36.3,26.6,False,10.1
FEIJÃO_518751444-1_plantio_15-09-24_colheita_09-12-24.kml,2024-09-15,FEIJÃO,FEIJÃO,67.7,67.7,True,10.1
FEIJÃO_519402627-1_plantio_01-02-25_colheita_27-04-25.kml,2025-02-01,FEIJÃO,MILHO,55.0,38.2,False,10.1
MILHO_517667038-1_plantio_28-02-24_colheita_16-06-24.kml,2024-02-28,MILHO,MILHO,56.4,56.4,True,10.1
MILHO_519182696-1_plantio_08-04-25_colheita_22-07-25.kml,2025-04-08,MILHO,MILHO,95.0,95.0,True,10.0
AVEIA_519604267-1_plantio_24-05-25_colheita_11-10-25.kml,2025-05-24,AVEIA,AVEIA,90.9,90.9,True,10.1
TRIGO_517563635-1_plantio_25-05-24_colheita_01-10-24.kml,2024-05-25,TRIGO,TRIGO,92.8,92.8,True,10.1
SOJA_518246646-1_plantio_28-10-24_colheita_05-02-25.kml,2024-10-28,SOJA,SOJA,73.6,73.6,True,10.1
MILHO_518417684-1_plantio_15-09-24_colheita_15-01-25.kml,2024-09-15,MILHO,MILHO,61.7,61.7,True,10.1
FEIJÃO_518024290-1_plantio_15-10-24_colheita_13-01-25.kml,2024-10-15,FEIJÃO,SOJA,48.4,35.5,False,10.1
AVEIA_517530387-1_plantio_21-05-24_colheita_30-09-24.kml,2024-05-21,AVEIA,AVEIA,92.7,92.7,True,10.0
TRIGO_517743572-1_plantio_23-04-24_colheita_01-09-24.kml,2024-04-23,TRIGO,TRIGO,91.4,91.4,True,10.1
MILHO_520203176-1_plantio_05-09-25_colheita_20-01-26.kml,2025-09-05,MILHO,FEIJÃO,42.1,25.6,False,10.1
TRIGO_519794261-1_plantio_25-05-25_colheita_11-10-25.kml,2025-05-25,TRIGO,TRIGO,81.2,81.2,True,10.1
MILHO_519121431-1_plantio_20-02-25_colheita_10-07-25.kml,2025-02-20,MILHO,MILHO,94.0,94.0,True,10.1
FEIJÃO_517487495-1_plantio_23-02-24_colheita_01-04-24.kml,2024-02-23,FEIJÃO,MILHO,92.5,3.3,False,10.0
FEIJÃO_518241812-1_plantio_01-11-24_colheita_30-01-25.kml,2024-11-01,FEIJÃO,SOJA,67.8,7.8,False,10.1
AVEIA_517612643-1_plantio_15-05-24_colheita_15-10-24.kml,2024-05-15,AVEIA,AVEIA,93.0,93.0,True,10.1
MILHO_520311842-1_plantio_20-08-25_colheita_01-01-26.kml,2025-08-20,MILHO,MILHO,87.4,87.4,True,10.1
AVEIA_518105367-1_plantio_20-06-24_colheita_29-09-24.kml,2024-06-20,AVEIA,AVEIA,92.6,92.6,True,10.1
FEIJÃO_519389179-1_plantio_18-02-25_colheita_14-05-25.kml,2025-02-18,FEIJÃO,MILHO,49.6,43.0,False,10.0
AVEIA_517561431-1_plantio_15-06-24_colheita_15-11-24.kml,2024-06-15,AVEIA,AVEIA,92.8,92.8,True,10.1
AVEIA_517836633-1_plantio_11-06-24_colheita_15-10-24.kml,2024-06-11,AVEIA,AVEIA,90.7,90.7,True,10.1
AVEIA_518023681-1_plantio_10-06-24_colheita_28-10-24.kml,2024-06-10,AVEIA,AVEIA,93.8,93.8,True,10.1
TRIGO_517618210-1_plantio_21-05-24_colheita_28-10-24.kml,2024-05-21,TRIGO,TRIGO,92.9,92.9,True,10.1
AVEIA_519385806-1_plantio_21-06-25_colheita_08-11-25.kml,2025-06-21,AVEIA,AVEIA,93.1,93.1,True,10.0
FEIJÃO_518589794-1_plantio_25-08-24_colheita_10-12-24.kml,2024-08-25,FEIJÃO,MILHO,77.7,16.1,False,10.1
AVEIA_517974735-1_plantio_27-05-24_colheita_15-10-24.kml,2024-05-27,AVEIA,AVEIA,91.6,91.6,True,10.1
SOJA_518899435-1_plantio_20-10-24_colheita_01-03-25.kml,2024-10-20,SOJA,SOJA,61.6,61.6,True,10.1
FEIJÃO_518402342-1_plantio_05-10-24_colheita_05-01-25.kml,2024-10-05,FEIJÃO,SOJA,79.5,7.1,False,10.1
TRIGO_518017524-1_plantio_15-06-24_colheita_01-11-24.kml,2024-06-15,TRIGO,TRIGO,93.4,93.4,True,10.1
AVEIA_517703021-1_plantio_21-05-24_colheita_29-08-24.kml,2024-05-21,AVEIA,AVEIA,92.8,92.8,True,10.1
AVEIA_519753287-1_plantio_01-06-25_colheita_20-10-25.kml,2025-06-01,AVEIA,AVEIA,93.0,93.0,True,10.1
TRIGO_517702724-1_plantio_01-05-24_colheita_01-09-24.kml,2024-05-01,TRIGO,TRIGO,93.3,93.3,True,10.1
AVEIA_517602830-1_plantio_11-05-24_colheita_29-08-24.kml,2024-05-11,AVEIA,AVEIA,93.9,93.9,True,10.1
FEIJÃO_517440047-1_plantio_09-02-24_colheita_05-05-24.kml,2024-02-09,FEIJÃO,FEIJÃO,74.5,74.5,True,10.1
FEIJÃO_519050243-1_plantio_13-02-25_colheita_20-05-25.kml,2025-02-13,FEIJÃO,FEIJÃO,85.6,85.6,True,10.1
FEIJÃO_517260775-1_plantio_10-02-24_colheita_20-05-24.kml,2024-02-10,FEIJÃO,MILHO,86.6,8.4,False,10.1
MILHO_518386703-1_plantio_11-10-24_colheita_11-03-25.kml,2024-10-11,MILHO,SOJA,42.0,25.0,False,10.1
TRIGO_519589046-1_plantio_01-06-25_colheita_30-09-25.kml,2025-06-01,TRIGO,TRIGO,88.5,88.5,True,10.1
TRIGO_519516341-1_plantio_03-06-25_colheita_10-10-25.kml,2025-06-03,TRIGO,TRIGO,93.4,93.4,True,10.1
AVEIA_517696744-1_plantio_29-05-24_colheita_30-10-24.kml,2024-05-29,AVEIA,AVEIA,93.0,93.0,True,10.1
SOJA_520041999-1_plantio_25-11-25_colheita_25-03-26.kml,2025-11-25,SOJA,SOJA,92.5,92.5,True,10.1
FEIJÃO_517555754-1_plantio_02-03-24_colheita_01-06-24.kml,2024-03-02,FEIJÃO,MILHO,74.0,19.4,False,10.1
MILHO_520336859-1_plantio_11-08-25_colheita_10-12-25.kml,2025-08-11,MILHO,MILHO,79.3,79.3,True,10.1
TRIGO_519870774-1_plantio_01-06-25_colheita_25-10-25.kml,2025-06-01,TRIGO,TRIGO,93.3,93.3,True,10.1
TRIGO_517905207-1_plantio_16-05-24_colheita_25-08-24.kml,2024-05-16,TRIGO,TRIGO,92.7,92.7,True,10.1
TRIGO_518109394-1_plantio_24-06-24_colheita_11-11-24.kml,2024-06-24,TRIGO,TRIGO,93.4,93.4,True,10.1
AVEIA_519684908-1_plantio_01-06-25_colheita_15-10-25.kml,2025-06-01,AVEIA,AVEIA,92.6,92.6,True,10.1
AVEIA_517507702-1_plantio_21-05-24_colheita_01-09-24.kml,2024-05-21,AVEIA,AVEIA,92.4,92.4,True,10.1
SOJA_518570631-1_plantio_20-12-24_colheita_01-05-25.kml,2024-12-20,SOJA,SOJA,68.0,68.0,True,10.1
AVEIA_519383313-1_plantio_11-05-25_colheita_01-10-25.kml,2025-05-11,AVEIA,AVEIA,93.6,93.6,True,10.1
MILHO_519235232-1_plantio_30-01-25_colheita_07-07-25.kml,2025-01-30,MILHO,FEIJÃO,70.6,12.7,False,10.1
SOJA_518510239-1_plantio_15-10-24_colheita_21-03-25.kml,2024-10-15,SOJA,SOJA,57.8,57.8,True,10.1
TRIGO_518011895-1_plantio_04-06-24_colheita_02-10-24.kml,2024-06-04,TRIGO,TRIGO,86.8,86.8,True,10.1
TRIGO_518104027-1_plantio_12-06-24_colheita_25-10-24.kml,2024-06-12,TRIGO,TRIGO,92.9,92.9,True,10.0
TRIGO_518039548-1_plantio_10-06-24_colheita_20-10-24.kml,2024-06-10,TRIGO,TRIGO,92.9,92.9,True,10.1
TRIGO_519139569-1_plantio_21-05-25_colheita_13-09-25.kml,2025-05-21,TRIGO,TRIGO,87.5,87.5,True,10.2
SOJA_520123054-1_plantio_15-10-25_colheita_15-03-26.kml,2025-10-15,SOJA,SOJA,87.9,87.9,True,10.1
SOJA_518867957-1_plantio_10-11-24_colheita_07-04-25.kml,2024-11-10,SOJA,SOJA,75.2,75.2,True,10.1
MILHO_518189700-1_plantio_15-09-24_colheita_03-01-25.kml,2024-09-15,MILHO,MILHO,48.9,48.9,True,10.0
TRIGO_520156367-1_plantio_15-06-25_colheita_25-10-25.kml,2025-06-15,TRIGO,TRIGO,85.9,85.9,True,10.1
MILHO_519007382-1_plantio_21-10-24_colheita_30-04-25.kml,2024-10-21,MILHO,SOJA,46.1,37.3,False,10.1
FEIJÃO_519258620-1_plantio_05-03-25_colheita_29-05-25.kml,2025-03-05,FEIJÃO,FEIJÃO,64.3,64.3,True,10.1
TRIGO_520001156-1_plantio_01-06-25_colheita_19-10-25.kml,2025-06-01,TRIGO,TRIGO,93.4,93.4,True,10.1
FEIJÃO_517474633-1_plantio_21-02-24_colheita_06-05-24.kml,2024-02-21,FEIJÃO,FEIJÃO,69.9,69.9,True,10.1
SOJA_518546841-1_plantio_15-11-24_colheita_15-04-25.kml,2024-11-15,SOJA,MILHO,46.2,39.3,False,10.1
AVEIA_517677037-1_plantio_21-05-24_colheita_05-10-24.kml,2024-05-21,AVEIA,AVEIA,93.2,93.2,True,10.1
SOJA_518543546-1_plantio_01-10-24_colheita_10-03-25.kml,2024-10-01,SOJA,FEIJÃO,43.6,34.5,False,10.1
TRIGO_519841117-1_plantio_15-06-25_colheita_10-11-25.kml,2025-06-15,TRIGO,TRIGO,88.5,88.5,True,10.1
MILHO_519081817-1_plantio_15-01-25_colheita_15-05-25.kml,2025-01-15,MILHO,MILHO,50.7,50.7,True,10.1
MILHO_518546318-1_plantio_20-09-24_colheita_15-04-25.kml,2024-09-20,MILHO,FEIJÃO,47.7,39.4,False,10.1
FEIJÃO_517495753-1_plantio_26-02-24_colheita_20-05-24.kml,2024-02-26,FEIJÃO,MILHO,80.8,13.9,False,10.1
FEIJÃO_518338403-1_plantio_10-09-24_colheita_20-12-24.kml,2024-09-10,FEIJÃO,MILHO,47.0,32.4,False,10.1
MILHO_518197622-1_plantio_25-08-24_colheita_23-12-24.kml,2024-08-25,MILHO,MILHO,92.0,92.0,True,10.1
FEIJÃO_518134799-1_plantio_05-10-24_colheita_03-01-25.kml,2024-10-05,FEIJÃO,SOJA,65.5,23.1,False,10.1
SOJA_518285022-1_plantio_30-10-24_colheita_15-03-25.kml,2024-10-30,SOJA,SOJA,78.4,78.4,True,10.1
AVEIA_520233976-1_plantio_20-07-25_colheita_15-10-25.kml,2025-07-20,AVEIA,AVEIA,91.3,91.3,True,10.1
MILHO_518492786-1_plantio_25-08-24_colheita_30-01-25.kml,2024-08-25,MILHO,MILHO,89.6,89.6,True,10.1
FEIJÃO_519485533-1_plantio_01-03-25_colheita_23-05-25.kml,2025-03-01,FEIJÃO,MILHO,49.2,41.6,False,10.1
SOJA_518796392-1_plantio_01-11-24_colheita_15-02-25.kml,2024-11-01,SOJA,SOJA,78.2,78.2,True,10.0
AVEIA_517713209-1_plantio_01-06-24_colheita_01-10-24.kml,2024-06-01,AVEIA,AVEIA,93.5,93.5,True,10.1
SOJA_518764992-1_plantio_16-12-24_colheita_10-04-25.kml,2024-12-16,SOJA,SOJA,54.2,54.2,True,10.1
AVEIA_517687248-1_plantio_15-06-24_colheita_15-10-24.kml,2024-06-15,AVEIA,AVEIA,92.3,92.3,True,10.1
MILHO_518358470-1_plantio_15-09-24_colheita_21-03-25.kml,2024-09-15,MILHO,FEIJÃO,73.6,17.1,False,10.1
AVEIA_517518286-1_plantio_01-06-24_colheita_21-10-24.kml,2024-06-01,AVEIA,TRIGO,93.3,1.7,False,10.0
FEIJÃO_519303635-1_plantio_24-02-25_colheita_05-05-25.kml,2025-02-24,FEIJÃO,FEIJÃO,84.7,84.7,True,10.1
SOJA_518945632-1_plantio_15-11-24_colheita_01-04-25.kml,2024-11-15,SOJA,SOJA,87.1,87.1,True,10.1
FEIJÃO_518433440-1_plantio_01-09-24_colheita_10-12-24.kml,2024-09-01,FEIJÃO,SOJA,94.5,2.2,False,10.1
TRIGO_517872407-1_plantio_25-06-24_colheita_05-11-24.kml,2024-06-25,TRIGO,TRIGO,92.5,92.5,True,10.1
FEIJÃO_517306486-1_plantio_09-03-24_colheita_18-05-24.kml,2024-03-09,FEIJÃO,FEIJÃO,54.4,54.4,True,10.1
MILHO_519003251-1_plantio_20-12-24_colheita_20-05-25.kml,2024-12-20,MILHO,MILHO,57.7,57.7,True,10.1
MILHO_517434084-1_plantio_21-02-24_colheita_22-07-24.kml,2024-02-21,MILHO,MILHO,79.4,79.4,True,10.1
SOJA_518367386-1_plantio_01-11-24_colheita_01-04-25.kml,2024-11-01,SOJA,SOJA,91.4,91.4,True,10.1
FEIJÃO_517282977-1_plantio_01-02-24_colheita_01-05-24.kml,2024-02-01,FEIJÃO,MILHO,61.2,30.2,False,10.1
TRIGO_517924412-1_plantio_15-06-24_colheita_08-10-24.kml,2024-06-15,TRIGO,TRIGO,92.6,92.6,True,10.1
TRIGO_519793493-1_plantio_22-06-25_colheita_19-11-25.kml,2025-06-22,TRIGO,TRIGO,93.5,93.5,True,10.0
TRIGO_519621723-1_plantio_15-05-25_colheita_30-09-25.kml,2025-05-15,TRIGO,TRIGO,93.1,93.1,True,10.1
TRIGO_517699149-1_plantio_04-06-24_colheita_10-11-24.kml,2024-06-04,TRIGO,TRIGO,93.1,93.1,True,10.0
MILHO_519303684-1_plantio_21-02-25_colheita_25-07-25.kml,2025-02-21,MILHO,FEIJÃO,85.7,8.2,False,10.1
SOJA_520340813-1_plantio_01-12-25_colheita_01-05-26.kml,2025-12-01,SOJA,SOJA,50.6,50.6,True,10.1
AVEIA_517393713-1_plantio_01-06-24_colheita_10-10-24.kml,2024-06-01,AVEIA,AVEIA,92.3,92.3,True,10.1
MILHO_518428506-1_plantio_01-09-24_colheita_05-01-25.kml,2024-09-01,MILHO,FEIJÃO,55.4,23.9,False,10.1
AVEIA_520126358-1_plantio_20-06-25_colheita_07-11-25.kml,2025-06-20,AVEIA,AVEIA,93.1,93.1,True,10.1
AVEIA_517989866-1_plantio_25-05-24_colheita_25-10-24.kml,2024-05-25,AVEIA,AVEIA,93.5,93.5,True,10.1
AVEIA_517483191-1_plantio_21-05-24_colheita_15-10-24.kml,2024-05-21,AVEIA,AVEIA,93.1,93.1,True,10.1
AVEIA_517527195-1_plantio_01-06-24_colheita_20-10-24.kml,2024-06-01,AVEIA,TRIGO,93.1,1.9,False,10.1
FEIJÃO_518558865-1_plantio_15-10-24_colheita_15-02-25.kml,2024-10-15,FEIJÃO,SOJA,39.8,32.2,False,10.1
TRIGO_517674776-1_plantio_20-05-24_colheita_15-10-24.kml,2024-05-20,TRIGO,TRIGO,93.1,93.1,True,20.1
AVEIA_518003539-1_plantio_01-06-24_colheita_01-10-24.kml,2024-06-01,AVEIA,AVEIA,93.2,93.2,True,10.1
SOJA_520037124-1_plantio_15-11-25_colheita_15-03-26.kml,2025-11-15,SOJA,SOJA,92.3,92.3,True,10.1
AVEIA_517689734-1_plantio_10-06-24_colheita_01-10-24.kml,2024-06-10,AVEIA,AVEIA,88.7,88.7,True,10.0
SOJA_520286269-1_plantio_01-11-25_colheita_11-04-26.kml,2025-11-01,SOJA,SOJA,74.9,74.9,True,10.1
MILHO_518113459-1_plantio_05-11-24_colheita_23-02-25.kml,2024-11-05,MILHO,SOJA,77.4,12.7,False,10.1
MILHO_517387304-1_plantio_31-01-24_colheita_20-05-24.kml,2024-01-31,MILHO,MILHO,56.4,56.4,True,10.0
SOJA_520193476-1_plantio_15-11-25_colheita_23-02-26.kml,2025-11-15,SOJA,SOJA,84.5,84.5,True,10.0
AVEIA_517752309-1_plantio_21-06-24_colheita_01-11-24.kml,2024-06-21,AVEIA,AVEIA,92.6,92.6,True,10.1
FEIJÃO_518741191-1_plantio_20-01-25_colheita_05-04-25.kml,2025-01-20,FEIJÃO,FEIJÃO,62.8,62.8,True,10.1
AVEIA_519669749-2_plantio_20-06-25_colheita_01-10-25.kml,2025-06-20,AVEIA,AVEIA,89.1,89.1,True,10.1
AVEIA_519528190-1_plantio_21-05-25_colheita_01-10-25.kml,2025-05-21,AVEIA,AVEIA,91.6,91.6,True,10.1
MILHO_518543002-1_plantio_15-09-24_colheita_05-02-25.kml,2024-09-15,MILHO,FEIJÃO,46.0,13.2,False,10.1
AVEIA_517965533-1_plantio_01-06-24_colheita_01-10-24.kml,2024-06-01,AVEIA,AVEIA,93.1,93.1,True,10.0
TRIGO_519917374-1_plantio_15-06-25_colheita_15-10-25.kml,2025-06-15,TRIGO,TRIGO,93.1,93.1,True,10.0
SOJA_518308078-1_plantio_06-11-24_colheita_20-03-25.kml,2024-11-06,SOJA,SOJA,86.4,86.4,True,10.1
MILHO_518614446-1_plantio_01-09-24_colheita_10-01-25.kml,2024-09-01,MILHO,FEIJÃO,75.4,16.5,False,10.1
FEIJÃO_518657428-1_plantio_15-09-24_colheita_20-12-24.kml,2024-09-15,FEIJÃO,SOJA,86.3,7.9,False,10.1
MILHO_519463330-1_plantio_20-04-25_colheita_01-11-25.kml,2025-04-20,MILHO,MILHO,92.9,92.9,True,10.0
AVEIA_520010887-1_plantio_30-05-25_colheita_31-10-25.kml,2025-05-30,AVEIA,AVEIA,91.2,91.2,True,10.1
MILHO_518556764-1_plantio_10-11-24_colheita_20-05-25.kml,2024-11-10,MILHO,MILHO,54.2,54.2,True,10.0
MILHO_519978225-1_plantio_11-05-25_colheita_01-11-25.kml,2025-05-11,MILHO,MILHO,61.5,61.5,True,10.0
SOJA_520308838-1_plantio_15-10-25_colheita_16-03-26.kml,2025-10-15,SOJA,FEIJÃO,35.6,23.4,False,10.1
MILHO_518893425-1_plantio_11-11-24_colheita_10-03-25.kml,2024-11-11,MILHO,MILHO,72.3,72.3,True,10.1
MILHO_518537026-1_plantio_26-02-25_colheita_01-06-25.kml,2025-02-26,MILHO,MILHO,59.7,59.7,True,10.1
SOJA_518021957-1_plantio_01-10-24_colheita_05-02-25.kml,2024-10-01,SOJA,SOJA,91.9,91.9,True,10.0
SOJA_518212437-1_plantio_11-11-24_colheita_19-02-25.kml,2024-11-11,SOJA,SOJA,88.1,88.1,True,10.1
MILHO_518157122-1_plantio_15-09-24_colheita_03-01-25.kml,2024-09-15,MILHO,FEIJÃO,67.6,20.0,False,10.1
TRIGO_517913238-1_plantio_27-06-24_colheita_25-10-24.kml,2024-06-27,TRIGO,TRIGO,93.0,93.0,True,10.1
SOJA_518018727-1_plantio_25-10-24_colheita_02-02-25.kml,2024-10-25,SOJA,SOJA,70.8,70.8,True,10.1
TRIGO_520032345-1_plantio_05-06-25_colheita_15-10-25.kml,2025-06-05,TRIGO,TRIGO,93.0,93.0,True,10.1
SOJA_520325386-1_plantio_20-10-25_colheita_21-03-26.kml,2025-10-20,SOJA,FEIJÃO,67.2,18.7,False,10.1
SOJA_519172649-1_plantio_28-11-24_colheita_15-04-25.kml,2024-11-28,SOJA,SOJA,49.5,49.5,True,10.1
TRIGO_517353057-1_plantio_21-06-24_colheita_25-10-24.kml,2024-06-21,TRIGO,TRIGO,92.8,92.8,True,10.1
FEIJÃO_517301719-1_plantio_10-03-24_colheita_30-05-24.kml,2024-03-10,FEIJÃO,FEIJÃO,73.4,73.4,True,10.1
TRIGO_517683095-1_plantio_06-06-24_colheita_10-10-24.kml,2024-06-06,TRIGO,TRIGO,92.6,92.6,True,10.1
AVEIA_518034027-1_plantio_10-06-24_colheita_10-10-24.kml,2024-06-10,AVEIA,AVEIA,91.5,91.5,True,10.1
AVEIA_517738485-1_plantio_01-06-24_colheita_01-10-24.kml,2024-06-01,AVEIA,AVEIA,91.6,91.6,True,10.1
TRIGO_517943725-1_plantio_21-05-24_colheita_10-09-24.kml,2024-05-21,TRIGO,TRIGO,93.3,93.3,True,10.1
TRIGO_517968188-1_plantio_10-06-24_colheita_10-10-24.kml,2024-06-10,TRIGO,TRIGO,93.1,93.1,True,10.1
FEIJÃO_519257102-1_plantio_15-02-25_colheita_11-05-25.kml,2025-02-15,FEIJÃO,FEIJÃO,91.4,91.4,True,10.1
FEIJÃO_518921021-1_plantio_10-10-24_colheita_01-01-25.kml,2024-10-10,FEIJÃO,SOJA,69.8,19.4,False,10.0
FEIJÃO_517607707-1_plantio_25-02-24_colheita_09-06-24.kml,2024-02-25,FEIJÃO,MILHO,80.8,13.9,False,10.1
AVEIA_517319200-1_plantio_01-06-24_colheita_01-11-24.kml,2024-06-01,AVEIA,AVEIA,93.3,93.3,True,10.1
AVEIA_517997305-1_plantio_01-06-24_colheita_20-10-24.kml,2024-06-01,AVEIA,AVEIA,93.5,93.5,True,10.1
AVEIA_519942676-1_plantio_01-06-25_colheita_29-09-25.kml,2025-06-01,AVEIA,AVEIA,93.5,93.5,True,10.0
TRIGO_518223893-1_plantio_10-06-24_colheita_03-10-24.kml,2024-06-10,TRIGO,TRIGO,92.6,92.6,True,10.1
SOJA_518461310-1_plantio_02-11-24_colheita_15-03-25.kml,2024-11-02,SOJA,SOJA,83.9,83.9,True,10.1
FEIJÃO_519367570-1_plantio_15-02-25_colheita_11-05-25.kml,2025-02-15,FEIJÃO,FEIJÃO,77.9,77.9,True,10.1
SOJA_520153593-1_plantio_05-10-25_colheita_20-02-26.kml,2025-10-05,SOJA,SOJA,66.0,66.0,True,10.1
FEIJÃO_518680408-1_plantio_15-09-24_colheita_20-12-24.kml,2024-09-15,FEIJÃO,FEIJÃO,89.6,89.6,True,10.1
SOJA_519845564-1_plantio_01-09-25_colheita_02-01-26.kml,2025-09-01,SOJA,SOJA,92.7,92.7,True,10.1
SOJA_518880457-1_plantio_20-10-24_colheita_15-03-25.kml,2024-10-20,SOJA,SOJA,44.1,44.1,True,10.1
FEIJÃO_519118553-1_plantio_09-02-25_colheita_20-05-25.kml,2025-02-09,FEIJÃO,MILHO,88.2,7.4,False,10.1
AVEIA_517635300-1_plantio_01-05-24_colheita_10-09-24.kml,2024-05-01,AVEIA,AVEIA,91.2,91.2,True,10.1
SOJA_520379629-1_plantio_30-10-25_colheita_01-04-26.kml,2025-10-30,SOJA,SOJA,47.4,47.4,True,10.1
FEIJÃO_518787313-1_plantio_15-02-25_colheita_15-05-25.kml,2025-02-15,FEIJÃO,FEIJÃO,67.4,67.4,True,10.0
SOJA_518451717-1_plantio_20-09-24_colheita_05-02-25.kml,2024-09-20,SOJA,MILHO,39.8,31.0,False,10.1
FEIJÃO_519252948-1_plantio_20-02-25_colheita_20-05-25.kml,2025-02-20,FEIJÃO,FEIJÃO,78.0,78.0,True,10.1
AVEIA_517566106-1_plantio_10-06-24_colheita_30-10-24.kml,2024-06-10,AVEIA,AVEIA,93.1,93.1,True,10.1
SOJA_517284672-1_plantio_15-01-24_colheita_24-05-24.kml,2024-01-15,SOJA,FEIJÃO,44.5,11.1,False,10.1
AVEIA_519411082-1_plantio_10-06-25_colheita_10-10-25.kml,2025-06-10,AVEIA,AVEIA,93.1,93.1,True,10.0
AVEIA_517719365-1_plantio_12-06-24_colheita_11-11-24.kml,2024-06-12,AVEIA,AVEIA,93.5,93.5,True,10.1
SOJA_519045812-1_plantio_11-11-24_colheita_15-02-25.kml,2024-11-11,SOJA,SOJA,56.7,56.7,True,10.1
SOJA_518596575-1_plantio_20-10-24_colheita_05-04-25.kml,2024-10-20,SOJA,SOJA,77.7,77.7,True,10.1
SOJA_518667011-1_plantio_05-11-24_colheita_20-04-25.kml,2024-11-05,SOJA,SOJA,91.1,91.1,True,10.0
FEIJÃO_518688684-1_plantio_05-09-24_colheita_01-12-24.kml,2024-09-05,FEIJÃO,FEIJÃO,61.4,61.4,True,10.0
SOJA_518366576-1_plantio_15-10-24_colheita_15-02-25.kml,2024-10-15,SOJA,SOJA,78.0,78.0,True,10.0
FEIJÃO_519420878-1_plantio_01-02-25_colheita_10-05-25.kml,2025-02-01,FEIJÃO,MILHO,79.5,14.6,False,10.1
FEIJÃO_518515213-1_plantio_01-10-24_colheita_10-01-25.kml,2024-10-01,FEIJÃO,FEIJÃO,46.0,46.0,True,10.1
TRIGO_517968292-1_plantio_25-05-24_colheita_25-09-24.kml,2024-05-25,TRIGO,TRIGO,92.9,92.9,True,10.0
SOJA_518234074-1_plantio_20-09-24_colheita_20-01-25.kml,2024-09-20,SOJA,MILHO,54.1,7.9,False,10.1
AVEIA_517649607-1_plantio_01-06-24_colheita_20-09-24.kml,2024-06-01,AVEIA,AVEIA,93.3,93.3,True,10.0
AVEIA_519518706-1_plantio_02-06-25_colheita_10-10-25.kml,2025-06-02,AVEIA,AVEIA,93.4,93.4,True,10.1
MILHO_517498237-1_plantio_11-04-24_colheita_20-10-24.kml,2024-04-11,MILHO,MILHO,93.5,93.5,True,10.0
AVEIA_519796837-1_plantio_11-06-25_colheita_29-10-25.kml,2025-06-11,AVEIA,AVEIA,93.5,93.5,True,10.1
SOJA_520319463-1_plantio_01-11-25_colheita_15-03-26.kml,2025-11-01,SOJA,SOJA,92.9,92.9,True,10.0
FEIJÃO_518722249-1_plantio_30-09-24_colheita_24-12-24.kml,2024-09-30,FEIJÃO,SOJA,77.1,16.4,False,10.1
AVEIA_519375380-1_plantio_10-06-25_colheita_30-09-25.kml,2025-06-10,AVEIA,AVEIA,92.4,92.4,True,10.0
MILHO_517936585-1_plantio_17-05-24_colheita_25-10-24.kml,2024-05-17,MILHO,MILHO,95.9,95.9,True,10.1
MILHO_518323065-1_plantio_05-09-24_colheita_01-02-25.kml,2024-09-05,MILHO,MILHO,76.3,76.3,True,10.1
TRIGO_517543673-1_plantio_21-05-24_colheita_20-10-24.kml,2024-05-21,TRIGO,TRIGO,92.1,92.1,True,10.0
AVEIA_520018672-1_plantio_10-06-25_colheita_02-11-25.kml,2025-06-10,AVEIA,AVEIA,89.6,89.6,True,10.1
FEIJÃO_518622293-1_plantio_16-02-25_colheita_22-05-25.kml,2025-02-16,FEIJÃO,MILHO,63.0,31.0,False,10.1
FEIJÃO_520198355-1_plantio_01-09-25_colheita_01-12-25.kml,2025-09-01,FEIJÃO,FEIJÃO,82.1,82.1,True,10.1
MILHO_517948360-1_plantio_10-08-24_colheita_28-11-24.kml,2024-08-10,MILHO,MILHO,93.3,93.3,True,10.1
TRIGO_519347220-1_plantio_21-05-25_colheita_28-09-25.kml,2025-05-21,TRIGO,TRIGO,93.6,93.6,True,10.0
MILHO_519014902-1_plantio_20-02-25_colheita_20-07-25.kml,2025-02-20,MILHO,MILHO,91.1,91.1,True,10.1
FEIJÃO_518563122-1_plantio_20-10-24_colheita_07-02-25.kml,2024-10-20,FEIJÃO,SOJA,46.2,43.3,False,10.1
AVEIA_519590888-1_plantio_05-06-25_colheita_25-10-25.kml,2025-06-05,AVEIA,AVEIA,93.0,93.0,True,10.1
MILHO_519458260-1_plantio_06-02-25_colheita_30-05-25.kml,2025-02-06,MILHO,FEIJÃO,70.3,22.1,False,10.1
TRIGO_517560936-1_plantio_21-05-24_colheita_20-10-24.kml,2024-05-21,TRIGO,TRIGO,93.2,93.2,True,10.1
MILHO_518425132-1_plantio_10-10-24_colheita_10-03-25.kml,2024-10-10,MILHO,SOJA,41.9,34.3,False,10.0
FEIJÃO_517272758-1_plantio_22-02-24_colheita_17-05-24.kml,2024-02-22,FEIJÃO,MILHO,75.8,18.3,False,10.1
TRIGO_517895939-1_plantio_10-05-24_colheita_21-08-24.kml,2024-05-10,TRIGO,TRIGO,90.7,90.7,True,10.0
AVEIA_517522365-1_plantio_01-06-24_colheita_19-10-24.kml,2024-06-01,AVEIA,AVEIA,92.5,92.5,True,10.1
TRIGO_519766503-1_plantio_01-06-25_colheita_19-10-25.kml,2025-06-01,TRIGO,TRIGO,93.2,93.2,True,10.1
SOJA_518274072-1_plantio_15-10-24_colheita_17-02-25.kml,2024-10-15,SOJA,SOJA,72.5,72.5,True,10.1
FEIJÃO_518248934-1_plantio_15-09-24_colheita_15-12-24.kml,2024-09-15,FEIJÃO,MILHO,55.2,26.6,False,10.1
SOJA_518560779-1_plantio_20-10-24_colheita_20-03-25.kml,2024-10-20,SOJA,SOJA,86.7,86.7,True,10.0
MILHO_519607678-1_plantio_01-03-25_colheita_01-08-25.kml,2025-03-01,MILHO,MILHO,75.0,75.0,True,10.1
AVEIA_519414963-1_plantio_10-06-25_colheita_10-11-25.kml,2025-06-10,AVEIA,AVEIA,93.5,93.5,True,10.1
FEIJÃO_519259660-1_plantio_27-02-25_colheita_28-05-25.kml,2025-02-27,FEIJÃO,FEIJÃO,48.2,48.2,True,10.1
MILHO_518385800-1_plantio_02-08-24_colheita_01-01-25.kml,2024-08-02,MILHO,MILHO,76.6,76.6,True,10.1
TRIGO_520095723-1_plantio_20-06-25_colheita_20-10-25.kml,2025-06-20,TRIGO,TRIGO,91.2,91.2,True,10.1
TRIGO_517955643-1_plantio_01-06-24_colheita_10-10-24.kml,2024-06-01,TRIGO,TRIGO,88.1,88.1,True,10.0
TRIGO_517628110-1_plantio_15-06-24_colheita_15-10-24.kml,2024-06-15,TRIGO,TRIGO,92.8,92.8,True,10.1
SOJA_519212046-1_plantio_20-11-24_colheita_20-03-25.kml,2024-11-20,SOJA,SOJA,89.5,89.5,True,10.1
MILHO_518354104-1_plantio_22-09-24_colheita_01-02-25.kml,2024-09-22,MILHO,FEIJÃO,77.4,12.8,False,10.1
MILHO_520121352-1_plantio_25-08-25_colheita_23-12-25.kml,2025-08-25,MILHO,MILHO,79.8,79.8,True,10.0
AVEIA_517676724-1_plantio_01-06-24_colheita_01-10-24.kml,2024-06-01,AVEIA,TRIGO,93.5,1.7,False,10.1
TRIGO_517467988-1_plantio_01-06-24_colheita_09-10-24.kml,2024-06-01,TRIGO,TRIGO,93.4,93.4,True,10.1
TRIGO_519928568-1_plantio_15-06-25_colheita_19-10-25.kml,2025-06-15,TRIGO,TRIGO,92.6,92.6,True,10.1
FEIJÃO_517377455-1_plantio_15-02-24_colheita_15-05-24.kml,2024-02-15,FEIJÃO,MILHO,61.0,31.3,False,10.1
MILHO_519745737-1_plantio_01-05-25_colheita_01-10-25.kml,2025-05-01,MILHO,MILHO,54.6,54.6,True,10.1
FEIJÃO_520014532-1_plantio_26-09-25_colheita_15-12-25.kml,2025-09-26,FEIJÃO,SOJA,73.9,17.3,False,10.1
MILHO_518564781-2_plantio_05-09-24_colheita_15-03-25.kml,2024-09-05,MILHO,MILHO,91.6,91.6,True,10.0
FEIJÃO_518371142-1_plantio_29-10-24_colheita_22-01-25.kml,2024-10-29,FEIJÃO,SOJA,39.2,29.2,False,10.1
FEIJÃO_517454820-1_plantio_01-03-24_colheita_01-05-24.kml,2024-03-01,FEIJÃO,FEIJÃO,91.2,91.2,True,10.0
MILHO_518099154-1_plantio_05-09-24_colheita_03-01-25.kml,2024-09-05,MILHO,SOJA,47.5,40.8,False,10.1
FEIJÃO_517299604-1_plantio_22-01-24_colheita_06-05-24.kml,2024-01-22,FEIJÃO,MILHO,45.4,40.1,False,10.1
FEIJÃO_519410108-1_plantio_25-02-25_colheita_15-05-25.kml,2025-02-25,FEIJÃO,MILHO,84.7,10.3,False,10.0
FEIJÃO_517474660-1_plantio_07-02-24_colheita_12-04-24.kml,2024-02-07,FEIJÃO,MILHO,92.7,3.6,False,10.1
AVEIA_517471621-1_plantio_15-06-24_colheita_02-11-24.kml,2024-06-15,AVEIA,AVEIA,92.4,92.4,True,10.1
TRIGO_517632397-1_plantio_21-05-24_colheita_01-11-24.kml,2024-05-21,TRIGO,TRIGO,92.9,92.9,True,10.1
FEIJÃO_518493847-1_plantio_03-09-24_colheita_10-12-24.kml,2024-09-03,FEIJÃO,FEIJÃO,75.0,75.0,True,10.1
SOJA_518405568-1_plantio_20-11-24_colheita_15-04-25.kml,2024-11-20,SOJA,SOJA,81.7,81.7,True,10.1
AVEIA_517360584-1_plantio_01-06-24_colheita_19-10-24.kml,2024-06-01,AVEIA,AVEIA,93.2,93.2,True,10.1
TRIGO_517693986-1_plantio_01-06-24_colheita_25-10-24.kml,2024-06-01,TRIGO,TRIGO,93.1,93.1,True,10.1
TRIGO_520113588-1_plantio_05-06-25_colheita_25-10-25.kml,2025-06-05,TRIGO,TRIGO,91.8,91.8,True,10.1
SOJA_518648671-1_plantio_20-10-24_colheita_20-03-25.kml,2024-10-20,SOJA,SOJA,40.8,40.8,True,10.1
SOJA_518224506-1_plantio_15-09-24_colheita_15-03-25.kml,2024-09-15,SOJA,MILHO,46.9,29.7,False,10.1
FEIJÃO_519058891-1_plantio_25-02-25_colheita_21-05-25.kml,2025-02-25,FEIJÃO,FEIJÃO,55.8,55.8,True,10.1
SOJA_520283496-1_plantio_23-11-25_colheita_20-03-26.kml,2025-11-23,SOJA,SOJA,68.1,68.1,True,10.1
MILHO_519139453-1_plantio_10-11-24_colheita_01-04-25.kml,2024-11-10,MILHO,MILHO,86.5,86.5,True,10.1
TRIGO_517849078-1_plantio_22-05-24_colheita_30-09-24.kml,2024-05-22,TRIGO,TRIGO,91.4,91.4,True,10.1
AVEIA_517690232-1_plantio_15-06-24_colheita_20-10-24.kml,2024-06-15,AVEIA,AVEIA,90.9,90.9,True,10.0
SOJA_519251596-1_plantio_22-11-24_colheita_20-03-25.kml,2024-11-22,SOJA,SOJA,81.4,81.4,True,10.1
FEIJÃO_518273753-1_plantio_01-09-24_colheita_20-12-24.kml,2024-09-01,FEIJÃO,FEIJÃO,77.5,77.5,True,10.1
TRIGO_517839368-1_plantio_16-06-24_colheita_24-10-24.kml,2024-06-16,TRIGO,TRIGO,82.8,82.8,True,10.1
MILHO_518267327-1_plantio_20-08-24_colheita_01-01-25.kml,2024-08-20,MILHO,MILHO,77.1,77.1,True,10.1
TRIGO_517869620-1_plantio_25-05-24_colheita_15-10-24.kml,2024-05-25,TRIGO,TRIGO,93.3,93.3,True,10.1
MILHO_518556164-1_plantio_21-08-24_colheita_06-01-25.kml,2024-08-21,MILHO,MILHO,81.2,81.2,True,10.1
SOJA_518242180-1_plantio_15-12-24_colheita_30-04-25.kml,2024-12-15,SOJA,SOJA,78.7,78.7,True,10.0
FEIJÃO_519287079-1_plantio_19-01-25_colheita_19-04-25.kml,2025-01-19,FEIJÃO,FEIJÃO,72.3,72.3,True,10.1
TRIGO_517826134-1_plantio_01-06-24_colheita_25-10-24.kml,2024-06-01,TRIGO,TRIGO,92.5,92.5,True,10.1
FEIJÃO_517292550-1_plantio_15-02-24_colheita_15-05-24.kml,2024-02-15,FEIJÃO,MILHO,66.2,27.6,False,10.0
SOJA_519937980-1_plantio_01-10-25_colheita_01-02-26.kml,2025-10-01,SOJA,SOJA,93.5,93.5,True,10.1
SOJA_518912096-1_plantio_15-11-24_colheita_10-04-25.kml,2024-11-15,SOJA,SOJA,89.3,89.3,True,10.1
FEIJÃO_517260136-1_plantio_25-02-24_colheita_25-05-24.kml,2024-02-25,FEIJÃO,FEIJÃO,79.1,79.1,True,10.1
SOJA_518694086-1_plantio_16-09-24_colheita_15-01-25.kml,2024-09-16,SOJA,MILHO,56.8,19.1,False,10.1
SOJA_520100936-1_plantio_25-11-25_colheita_10-04-26.kml,2025-11-25,SOJA,SOJA,63.4,63.4,True,10.1
AVEIA_519644689-1_plantio_05-06-25_colheita_10-10-25.kml,2025-06-05,AVEIA,AVEIA,93.1,93.1,True,10.0
FEIJÃO_519504341-1_plantio_26-02-25_colheita_05-06-25.kml,2025-02-26,FEIJÃO,FEIJÃO,90.2,90.2,True,10.1
SOJA_518569905-1_plantio_01-11-24_colheita_10-03-25.kml,2024-11-01,SOJA,SOJA,92.0,92.0,True,10.1
FEIJÃO_518716917-1_plantio_16-12-24_colheita_17-01-25.kml,2024-12-16,FEIJÃO,SOJA,41.0,27.3,False,10.1
TRIGO_519563036-1_plantio_05-06-25_colheita_10-10-25.kml,2025-06-05,TRIGO,TRIGO,93.2,93.2,True,10.1
SOJA_518499140-1_plantio_10-10-24_colheita_20-02-25.kml,2024-10-10,SOJA,SOJA,75.5,75.5,True,10.1
MILHO_519103345-1_plantio_10-12-24_colheita_01-05-25.kml,2024-12-10,MILHO,SOJA,46.0,25.6,False,10.1
AVEIA_518202600-1_plantio_01-07-24_colheita_01-11-24.kml,2024-07-01,AVEIA,AVEIA,79.8,79.8,True,10.1
MILHO_517421986-1_plantio_30-05-24_colheita_29-11-24.kml,2024-05-30,MILHO,MILHO,87.7,87.7,True,10.1
AVEIA_517468788-1_plantio_01-06-24_colheita_09-10-24.kml,2024-06-01,AVEIA,AVEIA,93.2,93.2,True,10.0
AVEIA_518188772-1_plantio_26-06-24_colheita_25-10-24.kml,2024-06-26,AVEIA,AVEIA,92.6,92.6,True,10.1
TRIGO_517743795-1_plantio_20-05-24_colheita_27-09-24.kml,2024-05-20,TRIGO,TRIGO,91.9,91.9,True,10.1
TRIGO_517453341-1_plantio_20-05-24_colheita_20-10-24.kml,2024-05-20,TRIGO,TRIGO,91.5,91.5,True,10.1
TRIGO_519444779-1_plantio_25-05-25_colheita_10-10-25.kml,2025-05-25,TRIGO,TRIGO,92.8,92.8,True,10.1
SOJA_518842625-1_plantio_25-10-24_colheita_10-03-25.kml,2024-10-25,SOJA,MILHO,42.0,36.8,False,10.1
SOJA_518472395-1_plantio_10-11-24_colheita_20-03-25.kml,2024-11-10,SOJA,MILHO,56.7,26.2,False,10.1
FEIJÃO_517259651-1_plantio_15-02-24_colheita_30-05-24.kml,2024-02-15,FEIJÃO,FEIJÃO,47.8,47.8,True,10.1
TRIGO_520110757-1_plantio_16-06-25_colheita_01-10-25.kml,2025-06-16,TRIGO,TRIGO,91.4,91.4,True,10.1
MILHO_519765474-1_plantio_20-04-25_colheita_01-12-25.kml,2025-04-20,MILHO,MILHO,95.0,95.0,True,10.1
FEIJÃO_519352050-1_plantio_16-01-25_colheita_10-04-25.kml,2025-01-16,FEIJÃO,MILHO,47.8,40.4,False,10.1
TRIGO_517455692-1_plantio_15-06-24_colheita_28-10-24.kml,2024-06-15,TRIGO,TRIGO,92.9,92.9,True,10.1
FEIJÃO_517295117-1_plantio_20-01-24_colheita_20-05-24.kml,2024-01-20,FEIJÃO,FEIJÃO,68.9,68.9,True,10.1
AVEIA_517638689-1_plantio_20-06-24_colheita_28-09-24.kml,2024-06-20,AVEIA,AVEIA,90.8,90.8,True,10.0
SOJA_518585079-1_plantio_20-09-24_colheita_10-01-25.kml,2024-09-20,SOJA,FEIJÃO,87.6,3.5,False,10.1
AVEIA_517480832-1_plantio_01-06-24_colheita_24-10-24.kml,2024-06-01,AVEIA,TRIGO,93.6,1.5,False,10.0
SOJA_520338177-1_plantio_20-09-25_colheita_20-02-26.kml,2025-09-20,SOJA,MILHO,69.3,7.1,False,10.1
MILHO_520240578-1_plantio_21-08-25_colheita_10-12-25.kml,2025-08-21,MILHO,MILHO,77.7,77.7,True,10.1
TRIGO_518001193-1_plantio_30-05-24_colheita_22-09-24.kml,2024-05-30,TRIGO,TRIGO,93.1,93.1,True,10.1
SOJA_518077765-1_plantio_10-10-24_colheita_20-02-25.kml,2024-10-10,SOJA,SOJA,92.9,92.9,True,10.3
MILHO_518061105-1_plantio_15-08-24_colheita_15-01-25.kml,2024-08-15,MILHO,MILHO,89.6,89.6,True,10.1
MILHO_518262682-1_plantio_20-09-24_colheita_28-01-25.kml,2024-09-20,MILHO,MILHO,69.1,69.1,True,10.1
SOJA_518725834-1_plantio_15-11-24_colheita_15-03-25.kml,2024-11-15,SOJA,SOJA,89.3,89.3,True,10.1
SOJA_518102094-1_plantio_15-10-24_colheita_22-02-25.kml,2024-10-15,SOJA,SOJA,92.7,92.7,True,20.3
AVEIA_517784539-1_plantio_21-05-24_colheita_20-10-24.kml,2024-05-21,AVEIA,AVEIA,92.4,92.4,True,10.1
TRIGO_517378043-1_plantio_01-06-24_colheita_01-10-24.kml,2024-06-01,TRIGO,TRIGO,93.4,93.4,True,10.1
FEIJÃO_518880185-1_plantio_25-01-25_colheita_20-04-25.kml,2025-01-25,FEIJÃO,FEIJÃO,44.6,44.6,True,10.1
AVEIA_517890168-1_plantio_25-05-24_colheita_15-10-24.kml,2024-05-25,AVEIA,AVEIA,93.5,93.5,True,10.1
TRIGO_518028031-1_plantio_06-06-24_colheita_04-10-24.kml,2024-06-06,TRIGO,TRIGO,90.4,90.4,True,10.1
AVEIA_517560875-1_plantio_21-05-24_colheita_01-10-24.kml,2024-05-21,AVEIA,AVEIA,92.9,92.9,True,10.1
TRIGO_517841008-1_plantio_05-06-24_colheita_01-10-24.kml,2024-06-05,TRIGO,TRIGO,93.1,93.1,True,10.1
SOJA_518801759-1_plantio_03-11-24_colheita_10-03-25.kml,2024-11-03,SOJA,SOJA,88.5,88.5,True,10.1
AVEIA_519830052-1_plantio_12-05-25_colheita_29-09-25.kml,2025-05-12,AVEIA,AVEIA,93.0,93.0,True,10.1
TRIGO_517564355-1_plantio_20-06-24_colheita_10-11-24.kml,2024-06-20,TRIGO,TRIGO,92.6,92.6,True,10.1
FEIJÃO_517425705-1_plantio_01-02-24_colheita_10-05-24.kml,2024-02-01,FEIJÃO,FEIJÃO,91.9,91.9,True,10.1
SOJA_520116378-1_plantio_22-11-25_colheita_15-03-26.kml,2025-11-22,SOJA,SOJA,90.2,90.2,True,10.1
FEIJÃO_518659284-1_plantio_15-09-24_colheita_15-12-24.kml,2024-09-15,FEIJÃO,SOJA,68.1,6.4,False,10.0
FEIJÃO_518761838-1_plantio_23-09-24_colheita_01-12-24.kml,2024-09-23,FEIJÃO,FEIJÃO,46.5,46.5,True,10.1
MILHO_518326117-1_plantio_11-08-24_colheita_01-02-25.kml,2024-08-11,MILHO,MILHO,84.5,84.5,True,10.1
MILHO_520192176-1_plantio_21-08-25_colheita_01-01-26.kml,2025-08-21,MILHO,MILHO,91.9,91.9,True,10.1
TRIGO_519935464-1_plantio_01-06-25_colheita_01-10-25.kml,2025-06-01,TRIGO,TRIGO,92.2,92.2,True,10.1
MILHO_519958962-1_plantio_25-08-25_colheita_13-12-25.kml,2025-08-25,MILHO,MILHO,80.4,80.4,True,10.1
AVEIA_517879408-1_plantio_01-06-24_colheita_01-10-24.kml,2024-06-01,AVEIA,AVEIA,93.1,93.1,True,10.0
SOJA_517349436-1_plantio_21-01-24_colheita_27-05-24.kml,2024-01-21,SOJA,FEIJÃO,49.9,16.6,False,10.0
SOJA_520307203-1_plantio_01-10-25_colheita_01-02-26.kml,2025-10-01,SOJA,SOJA,73.7,73.7,True,10.1
FEIJÃO_519514583-1_plantio_11-02-25_colheita_30-04-25.kml,2025-02-11,FEIJÃO,FEIJÃO,93.0,93.0,True,10.1
SOJA_518584574-1_plantio_20-11-24_colheita_10-04-25.kml,2024-11-20,SOJA,SOJA,88.7,88.7,True,10.1
SOJA_520268231-1_plantio_01-11-25_colheita_01-03-26.kml,2025-11-01,SOJA,SOJA,92.2,92.2,True,10.1
TRIGO_519774893-1_plantio_01-06-25_colheita_15-10-25.kml,2025-06-01,TRIGO,TRIGO,92.5,92.5,True,10.1
TRIGO_517538375-1_plantio_30-05-24_colheita_30-09-24.kml,2024-05-30,TRIGO,TRIGO,93.4,93.4,True,10.1
SOJA_520268029-1_plantio_01-10-25_colheita_01-04-26.kml,2025-10-01,SOJA,SOJA,56.2,56.2,True,10.1
MILHO_517320599-1_plantio_20-02-24_colheita_20-07-24.kml,2024-02-20,MILHO,FEIJÃO,67.5,25.9,False,10.1
TRIGO_519965679-1_plantio_01-06-25_colheita_19-10-25.kml,2025-06-01,TRIGO,TRIGO,93.3,93.3,True,10.0
FEIJÃO_518742048-1_plantio_08-10-24_colheita_09-01-25.kml,2024-10-08,FEIJÃO,SOJA,70.5,12.3,False,30.1
SOJA_519066557-1_plantio_25-11-24_colheita_01-04-25.kml,2024-11-25,SOJA,SOJA,68.5,68.5,True,30.1
SOJA_518667850-2_plantio_01-11-24_colheita_01-04-25.kml,2024-11-01,SOJA,SOJA,89.4,89.4,True,30.1
AVEIA_519895003-1_plantio_01-06-25_colheita_01-10-25.kml,2025-06-01,AVEIA,AVEIA,90.4,90.4,True,30.1
FEIJÃO_519343935-1_plantio_15-01-25_colheita_22-04-25.kml,2025-01-15,FEIJÃO,FEIJÃO,65.7,65.7,True,30.1
FEIJÃO_518818550-1_plantio_30-09-24_colheita_01-01-25.kml,2024-09-30,FEIJÃO,FEIJÃO,47.9,47.9,True,10.1
MILHO_518328926-1_plantio_21-11-24_colheita_01-03-25.kml,2024-11-21,MILHO,SOJA,89.0,3.6,False,10.1
AVEIA_517466432-1_plantio_01-06-24_colheita_15-10-24.kml,2024-06-01,AVEIA,AVEIA,91.5,91.5,True,10.1
MILHO_518419850-1_plantio_01-11-24_colheita_01-03-25.kml,2024-11-01,MILHO,SOJA,79.3,11.8,False,10.0
TRIGO_517956171-1_plantio_20-06-24_colheita_20-10-24.kml,2024-06-20,TRIGO,TRIGO,93.1,93.1,True,20.1
AVEIA_519602577-1_plantio_21-05-25_colheita_23-09-25.kml,2025-05-21,AVEIA,AVEIA,91.9,91.9,True,20.0
MILHO_519079615-1_plantio_11-02-25_colheita_01-08-25.kml,2025-02-11,MILHO,FEIJÃO,50.1,42.7,False,10.1
TRIGO_519804719-1_plantio_15-06-25_colheita_25-10-25.kml,2025-06-15,TRIGO,TRIGO,89.2,89.2,True,10.0
AVEIA_517666345-1_plantio_01-06-24_colheita_22-10-24.kml,2024-06-01,AVEIA,AVEIA,93.4,93.4,True,10.1
AVEIA_517745666-1_plantio_21-05-24_colheita_15-10-24.kml,2024-05-21,AVEIA,AVEIA,93.3,93.3,True,10.1
MILHO_518839570-1_plantio_25-09-24_colheita_01-03-25.kml,2024-09-25,MILHO,FEIJÃO,48.3,28.9,False,10.1
AVEIA_517681337-1_plantio_30-04-24_colheita_02-09-24.kml,2024-04-30,AVEIA,AVEIA,93.5,93.5,True,10.1
SOJA_518158393-1_plantio_02-10-24_colheita_04-02-25.kml,2024-10-02,SOJA,SOJA,82.9,82.9,True,10.1
FEIJÃO_519582847-1_plantio_07-03-25_colheita_21-05-25.kml,2025-03-07,FEIJÃO,MILHO,81.4,13.3,False,10.0
MILHO_517964548-1_plantio_24-05-24_colheita_01-11-24.kml,2024-05-24,MILHO,MILHO,89.8,89.8,True,10.1
AVEIA_519588861-1_plantio_01-06-25_colheita_15-10-25.kml,2025-06-01,AVEIA,AVEIA,93.2,93.2,True,10.0
TRIGO_519760150-1_plantio_10-06-25_colheita_10-10-25.kml,2025-06-10,TRIGO,TRIGO,91.2,91.2,True,10.1
MILHO_520316212-1_plantio_05-09-25_colheita_20-02-26.kml,2025-09-05,MILHO,FEIJÃO,47.0,42.6,False,10.0
FEIJÃO_518818086-1_plantio_24-09-24_colheita_30-12-24.kml,2024-09-24,FEIJÃO,MILHO,68.3,8.2,False,10.1
SOJA_518181955-1_plantio_20-10-24_colheita_15-02-25.kml,2024-10-20,SOJA,SOJA,60.8,60.8,True,10.0
FEIJÃO_518511046-1_plantio_21-08-24_colheita_15-11-24.kml,2024-08-21,FEIJÃO,MILHO,87.9,7.5,False,10.0
FEIJÃO_517527189-1_plantio_17-02-24_colheita_01-05-24.kml,2024-02-17,FEIJÃO,FEIJÃO,75.8,75.8,True,10.0
MILHO_517564036-1_plantio_30-04-24_colheita_01-11-24.kml,2024-04-30,MILHO,MILHO,80.5,80.5,True,10.0
AVEIA_517615227-1_plantio_01-06-24_colheita_15-10-24.kml,2024-06-01,AVEIA,AVEIA,92.5,92.5,True,10.1
MILHO_518492591-1_plantio_20-08-24_colheita_08-12-24.kml,2024-08-20,MILHO,MILHO,83.9,83.9,True,10.1
AVEIA_517642308-1_plantio_21-05-24_colheita_30-09-24.kml,2024-05-21,AVEIA,AVEIA,93.1,93.1,True,10.1
AVEIA_519376856-1_plantio_11-06-25_colheita_01-11-25.kml,2025-06-11,AVEIA,AVEIA,93.1,93.1,True,10.0
TRIGO_517916685-1_plantio_01-06-24_colheita_20-10-24.kml,2024-06-01,TRIGO,TRIGO,92.9,92.9,True,10.0
FEIJÃO_517488896-1_plantio_23-02-24_colheita_24-05-24.kml,2024-02-23,FEIJÃO,FEIJÃO,88.8,88.8,True,10.1
MILHO_517530396-1_plantio_15-06-24_colheita_15-10-24.kml,2024-06-15,MILHO,AVEIA,47.7,30.7,False,10.1
MILHO_518954465-1_plantio_01-11-24_colheita_01-03-25.kml,2024-11-01,MILHO,MILHO,46.2,46.2,True,10.0
SOJA_520060411-1_plantio_01-10-25_colheita_10-02-26.kml,2025-10-01,SOJA,SOJA,51.7,51.7,True,10.1
TRIGO_517700161-1_plantio_28-05-24_colheita_13-10-24.kml,2024-05-28,TRIGO,TRIGO,93.5,93.5,True,10.1
FEIJÃO_520243016-1_plantio_30-09-25_colheita_10-01-26.kml,2025-09-30,FEIJÃO,FEIJÃO,37.1,37.1,True,10.0
FEIJÃO_517380660-1_plantio_27-02-24_colheita_20-05-24.kml,2024-02-27,FEIJÃO,FEIJÃO,48.7,48.7,True,10.1
MILHO_519813273-2_plantio_01-05-25_colheita_01-11-25.kml,2025-05-01,MILHO,MILHO,51.1,51.1,True,10.1
FEIJÃO_517465918-1_plantio_20-02-24_colheita_04-05-24.kml,2024-02-20,FEIJÃO,FEIJÃO,90.9,90.9,True,10.1
MILHO_517786027-1_plantio_01-05-24_colheita_25-10-24.kml,2024-05-01,MILHO,MILHO,95.7,95.7,True,10.1
MILHO_518069925-1_plantio_15-08-24_colheita_15-01-25.kml,2024-08-15,MILHO,MILHO,73.9,73.9,True,10.1
AVEIA_519922352-1_plantio_01-06-25_colheita_30-10-25.kml,2025-06-01,AVEIA,AVEIA,93.4,93.4,True,10.1
SOJA_519958539-1_plantio_25-11-25_colheita_05-03-26.kml,2025-11-25,SOJA,SOJA,51.1,51.1,True,10.1
TRIGO_517945563-1_plantio_12-06-24_colheita_20-10-24.kml,2024-06-12,TRIGO,TRIGO,92.1,92.1,True,10.1
TRIGO_519670868-1_plantio_13-06-25_colheita_12-11-25.kml,2025-06-13,TRIGO,TRIGO,93.1,93.1,True,10.1
TRIGO_517648134-1_plantio_20-05-24_colheita_30-09-24.kml,2024-05-20,TRIGO,TRIGO,92.6,92.6,True,10.1
SOJA_518466381-1_plantio_01-10-24_colheita_01-02-25.kml,2024-10-01,SOJA,SOJA,50.7,50.7,True,10.1
MILHO_520044141-1_plantio_23-08-25_colheita_01-01-26.kml,2025-08-23,MILHO,MILHO,91.4,91.4,True,10.1
MILHO_518853270-1_plantio_11-11-24_colheita_12-05-25.kml,2024-11-11,MILHO,SOJA,44.3,42.5,False,10.1
MILHO_518556125-1_plantio_11-03-25_colheita_20-07-25.kml,2025-03-11,MILHO,MILHO,92.5,92.5,True,10.1
TRIGO_519874689-1_plantio_21-05-25_colheita_01-10-25.kml,2025-05-21,TRIGO,TRIGO,92.8,92.8,True,10.1
FEIJÃO_517564069-1_plantio_27-02-24_colheita_22-05-24.kml,2024-02-27,FEIJÃO,MILHO,66.6,27.1,False,10.1
AVEIA_517563237-1_plantio_21-05-24_colheita_25-09-24.kml,2024-05-21,AVEIA,AVEIA,91.9,91.9,True,10.1
TRIGO_517629344-1_plantio_15-06-24_colheita_01-11-24.kml,2024-06-15,TRIGO,TRIGO,92.2,92.2,True,10.1
TRIGO_517785581-1_plantio_01-06-24_colheita_15-10-24.kml,2024-06-01,TRIGO,TRIGO,93.2,93.2,True,10.1
AVEIA_519490363-1_plantio_01-06-25_colheita_05-10-25.kml,2025-06-01,AVEIA,AVEIA,92.3,92.3,True,10.0
SOJA_518167292-1_plantio_05-10-24_colheita_15-02-25.kml,2024-10-05,SOJA,SOJA,55.5,55.5,True,10.1
SOJA_518838740-1_plantio_01-11-24_colheita_02-03-25.kml,2024-11-01,SOJA,SOJA,94.1,94.1,True,10.1
SOJA_520351254-1_plantio_15-12-25_colheita_15-03-26.kml,2025-12-15,SOJA,SOJA,64.7,64.7,True,10.1
FEIJÃO_517403994-1_plantio_26-02-24_colheita_23-05-24.kml,2024-02-26,FEIJÃO,FEIJÃO,80.0,80.0,True,10.1
TRIGO_517944878-1_plantio_15-06-24_colheita_01-11-24.kml,2024-06-15,TRIGO,TRIGO,93.1,93.1,True,10.1
MILHO_519076147-1_plantio_03-03-25_colheita_15-06-25.kml,2025-03-03,MILHO,FEIJÃO,76.5,15.0,False,10.1
MILHO_519112220-1_plantio_21-02-25_colheita_20-06-25.kml,2025-02-21,MILHO,MILHO,75.9,75.9,True,10.1
MILHO_519860550-1_plantio_11-08-25_colheita_15-01-26.kml,2025-08-11,MILHO,MILHO,91.4,91.4,True,10.0
FEIJÃO_519588867-1_plantio_07-03-25_colheita_31-05-25.kml,2025-03-07,FEIJÃO,MILHO,55.4,38.1,False,10.1
TRIGO_518288247-1_plantio_22-07-24_colheita_01-11-24.kml,2024-07-22,TRIGO,TRIGO,80.6,80.6,True,10.1
TRIGO_517300148-1_plantio_10-06-24_colheita_10-10-24.kml,2024-06-10,TRIGO,TRIGO,92.0,92.0,True,10.0
SOJA_518720136-1_plantio_01-11-24_colheita_01-03-25.kml,2024-11-01,SOJA,SOJA,68.7,68.7,True,10.0
AVEIA_517725187-1_plantio_02-06-24_colheita_01-10-24.kml,2024-06-02,AVEIA,AVEIA,93.8,93.8,True,10.1
AVEIA_517879709-1_plantio_15-06-24_colheita_15-10-24.kml,2024-06-15,AVEIA,AVEIA,92.6,92.6,True,10.0
SOJA_518518247-1_plantio_01-11-24_colheita_20-04-25.kml,2024-11-01,SOJA,SOJA,73.8,73.8,True,10.1
MILHO_518067727-1_plantio_29-09-24_colheita_17-01-25.kml,2024-09-29,MILHO,MILHO,69.4,69.4,True,10.1
TRIGO_517468586-1_plantio_01-06-24_colheita_10-10-24.kml,2024-06-01,TRIGO,TRIGO,93.1,93.1,True,10.1
AVEIA_517895398-1_plantio_21-05-24_colheita_20-09-24.kml,2024-05-21,AVEIA,AVEIA,93.0,93.0,True,10.1
TRIGO_517509429-1_plantio_25-05-24_colheita_01-10-24.kml,2024-05-25,TRIGO,TRIGO,93.3,93.3,True,10.0
AVEIA_520026528-1_plantio_06-06-25_colheita_13-11-25.kml,2025-06-06,AVEIA,AVEIA,93.8,93.8,True,10.1
TRIGO_519875572-1_plantio_01-06-25_colheita_01-11-25.kml,2025-06-01,TRIGO,TRIGO,92.5,92.5,True,10.1
AVEIA_517636436-1_plantio_23-05-24_colheita_20-09-24.kml,2024-05-23,AVEIA,AVEIA,93.4,93.4,True,10.1
TRIGO_519796251-1_plantio_01-06-25_colheita_09-10-25.kml,2025-06-01,TRIGO,TRIGO,86.4,86.4,True,10.1
MILHO_518224556-1_plantio_22-10-24_colheita_25-03-25.kml,2024-10-22,MILHO,SOJA,70.3,9.7,False,10.1
FEIJÃO_517470436-1_plantio_23-02-24_colheita_29-05-24.kml,2024-02-23,FEIJÃO,FEIJÃO,87.7,87.7,True,10.1
SOJA_517332944-1_plantio_26-01-24_colheita_10-04-24.kml,2024-01-26,SOJA,MILHO,69.9,5.0,False,10.1
TRIGO_517565758-1_plantio_15-05-24_colheita_22-09-24.kml,2024-05-15,TRIGO,TRIGO,91.2,91.2,True,10.1
AVEIA_519877568-1_plantio_01-06-25_colheita_19-09-25.kml,2025-06-01,AVEIA,AVEIA,92.9,92.9,True,10.1
SOJA_517826147-1_plantio_01-10-24_colheita_01-02-25.kml,2024-10-01,SOJA,SOJA,70.5,70.5,True,10.1
FEIJÃO_517402057-1_plantio_07-02-24_colheita_12-05-24.kml,2024-02-07,FEIJÃO,MILHO,75.4,18.4,False,10.1
SOJA_518725324-1_plantio_15-10-24_colheita_23-01-25.kml,2024-10-15,SOJA,SOJA,37.8,37.8,True,10.1
SOJA_519703732-1_plantio_05-10-25_colheita_05-01-26.kml,2025-10-05,SOJA,FEIJÃO,59.0,27.7,False,10.0
AVEIA_519623537-1_plantio_05-06-25_colheita_05-10-25.kml,2025-06-05,AVEIA,AVEIA,91.4,91.4,True,10.0
SOJA_518126661-1_plantio_01-10-24_colheita_03-02-25.kml,2024-10-01,SOJA,SOJA,51.8,51.8,True,10.1
FEIJÃO_519013656-1_plantio_24-02-25_colheita_02-06-25.kml,2025-02-24,FEIJÃO,FEIJÃO,85.6,85.6,True,10.1
MILHO_520251036-1_plantio_11-09-25_colheita_25-01-26.kml,2025-09-11,MILHO,MILHO,64.4,64.4,True,10.1
FEIJÃO_518400057-1_plantio_16-12-24_colheita_01-02-25.kml,2024-12-16,FEIJÃO,SOJA,47.3,27.7,False,10.1
FEIJÃO_518308113-1_plantio_25-09-24_colheita_19-12-24.kml,2024-09-25,FEIJÃO,SOJA,61.2,6.1,False,10.1
TRIGO_519912184-1_plantio_30-05-25_colheita_20-07-25.kml,2025-05-30,TRIGO,TRIGO,87.4,87.4,True,10.1
TRIGO_517939736-1_plantio_10-06-24_colheita_10-11-24.kml,2024-06-10,TRIGO,TRIGO,93.1,93.1,True,10.1
TRIGO_517694416-1_plantio_15-04-24_colheita_01-09-24.kml,2024-04-15,TRIGO,TRIGO,92.2,92.2,True,10.1
MILHO_518787507-1_plantio_04-03-25_colheita_01-08-25.kml,2025-03-04,MILHO,FEIJÃO,61.4,32.5,False,10.1
FEIJÃO_517278028-1_plantio_18-01-24_colheita_12-04-24.kml,2024-01-18,FEIJÃO,MILHO,46.1,41.1,False,10.1
MILHO_520310139-1_plantio_01-09-25_colheita_01-03-26.kml,2025-09-01,MILHO,MILHO,50.4,50.4,True,10.1
TRIGO_517567590-1_plantio_21-05-24_colheita_01-10-24.kml,2024-05-21,TRIGO,TRIGO,90.8,90.8,True,10.1
SOJA_518343259-1_plantio_01-11-24_colheita_01-04-25.kml,2024-11-01,SOJA,SOJA,77.9,77.9,True,10.1
AVEIA_519587046-1_plantio_01-06-25_colheita_15-10-25.kml,2025-06-01,AVEIA,AVEIA,90.1,90.1,True,10.1
AVEIA_520080544-1_plantio_20-06-25_colheita_07-11-25.kml,2025-06-20,AVEIA,AVEIA,92.7,92.7,True,10.1
MILHO_519714051-1_plantio_15-02-25_colheita_15-08-25.kml,2025-02-15,MILHO,MILHO,79.2,79.2,True,10.1
AVEIA_519625325-1_plantio_01-06-25_colheita_20-09-25.kml,2025-06-01,AVEIA,AVEIA,92.4,92.4,True,10.0
AVEIA_519804073-1_plantio_01-06-25_colheita_15-10-25.kml,2025-06-01,AVEIA,AVEIA,93.5,93.5,True,10.1
TRIGO_519710264-1_plantio_11-06-25_colheita_20-10-25.kml,2025-06-11,TRIGO,TRIGO,92.2,92.2,True,10.1
MILHO_518450806-1_plantio_11-08-24_colheita_11-12-24.kml,2024-08-11,MILHO,MILHO,84.7,84.7,True,10.7
SOJA_518461217-1_plantio_01-11-24_colheita_20-03-25.kml,2024-11-01,SOJA,SOJA,90.5,90.5,True,10.1
TRIGO_519542607-1_plantio_01-06-25_colheita_10-11-25.kml,2025-06-01,TRIGO,TRIGO,93.3,93.3,True,10.1
MILHO_518579638-1_plantio_21-09-24_colheita_31-01-25.kml,2024-09-21,MILHO,MILHO,55.5,55.5,True,10.1
AVEIA_517560562-1_plantio_20-05-24_colheita_01-10-24.kml,2024-05-20,AVEIA,AVEIA,92.9,92.9,True,10.1
MILHO_518569016-1_plantio_28-08-24_colheita_01-01-25.kml,2024-08-28,MILHO,MILHO,90.1,90.1,True,10.1
SOJA_518331333-1_plantio_01-10-24_colheita_01-02-25.kml,2024-10-01,SOJA,SOJA,49.3,49.3,True,10.1
AVEIA_517853350-1_plantio_03-06-24_colheita_11-09-24.kml,2024-06-03,AVEIA,AVEIA,93.6,93.6,True,10.1
AVEIA_517857585-1_plantio_01-06-24_colheita_30-10-24.kml,2024-06-01,AVEIA,AVEIA,93.3,93.3,True,10.1
FEIJÃO_519537141-1_plantio_20-02-25_colheita_10-05-25.kml,2025-02-20,FEIJÃO,MILHO,56.7,36.9,False,10.1
TRIGO_517967030-1_plantio_24-06-24_colheita_05-11-24.kml,2024-06-24,TRIGO,TRIGO,91.3,91.3,True,10.1
SOJA_518516856-1_plantio_20-10-24_colheita_27-02-25.kml,2024-10-20,SOJA,SOJA,79.9,79.9,True,10.1
AVEIA_517343008-1_plantio_01-06-24_colheita_01-11-24.kml,2024-06-01,AVEIA,AVEIA,94.0,94.0,True,10.1
AVEIA_519812047-1_plantio_02-06-25_colheita_01-11-25.kml,2025-06-02,AVEIA,AVEIA,91.9,91.9,True,10.1
FEIJÃO_518516796-1_plantio_11-10-24_colheita_11-01-25.kml,2024-10-11,FEIJÃO,SOJA,92.2,3.5,False,10.1
TRIGO_519576344-1_plantio_01-06-25_colheita_02-10-25.kml,2025-06-01,TRIGO,TRIGO,91.6,91.6,True,10.1
MILHO_519750862-1_plantio_15-05-25_colheita_15-10-25.kml,2025-05-15,MILHO,MILHO,94.0,94.0,True,10.1
FEIJÃO_518466599-1_plantio_20-09-24_colheita_20-12-24.kml,2024-09-20,FEIJÃO,SOJA,85.4,3.8,False,10.1
SOJA_518375165-1_plantio_20-09-24_colheita_20-01-25.kml,2024-09-20,SOJA,MILHO,57.8,14.8,False,10.1
FEIJÃO_517535436-1_plantio_15-02-24_colheita_30-05-24.kml,2024-02-15,FEIJÃO,MILHO,52.6,41.1,False,10.1
FEIJÃO_517266223-1_plantio_15-02-24_colheita_20-05-24.kml,2024-02-15,FEIJÃO,MILHO,63.9,29.9,False,10.1
SOJA_518690468-1_plantio_10-11-24_colheita_20-04-25.kml,2024-11-10,SOJA,SOJA,91.0,91.0,True,10.1
MILHO_517317630-1_plantio_28-01-24_colheita_16-05-24.kml,2024-01-28,MILHO,FEIJÃO,73.6,13.1,False,10.1
AVEIA_517530843-1_plantio_21-05-24_colheita_10-10-24.kml,2024-05-21,AVEIA,AVEIA,93.8,93.8,True,10.1
MILHO_518628731-1_plantio_20-09-24_colheita_08-01-25.kml,2024-09-20,MILHO,FEIJÃO,57.5,10.8,False,10.1
SOJA_518848168-1_plantio_15-11-24_colheita_01-03-25.kml,2024-11-15,SOJA,SOJA,90.7,90.7,True,10.1
FEIJÃO_520192797-1_plantio_01-09-25_colheita_20-11-25.kml,2025-09-01,FEIJÃO,FEIJÃO,46.0,46.0,True,10.1
SOJA_518941634-1_plantio_07-11-24_colheita_30-04-25.kml,2024-11-07,SOJA,SOJA,58.8,58.8,True,10.1
MILHO_519453903-1_plantio_31-01-25_colheita_21-05-25.kml,2025-01-31,MILHO,MILHO,62.7,62.7,True,10.1
FEIJÃO_517368182-1_plantio_05-02-24_colheita_25-05-24.kml,2024-02-05,FEIJÃO,MILHO,75.1,18.5,False,10.1
AVEIA_519612287-1_plantio_04-06-25_colheita_10-10-25.kml,2025-06-04,AVEIA,AVEIA,93.7,93.7,True,10.1
SOJA_518449327-1_plantio_20-10-24_colheita_10-03-25.kml,2024-10-20,SOJA,SOJA,83.2,83.2,True,10.1
TRIGO_517853755-1_plantio_25-05-24_colheita_17-09-24.kml,2024-05-25,TRIGO,TRIGO,93.6,93.6,True,10.1
AVEIA_518142490-1_plantio_18-06-24_colheita_01-10-24.kml,2024-06-18,AVEIA,AVEIA,93.7,93.7,True,10.1
MILHO_520145510-1_plantio_15-06-25_colheita_15-11-25.kml,2025-06-15,MILHO,MILHO,91.4,91.4,True,10.1
AVEIA_517620721-1_plantio_01-06-24_colheita_01-11-24.kml,2024-06-01,AVEIA,AVEIA,90.3,90.3,True,10.1
FEIJÃO_519442097-1_plantio_20-02-25_colheita_30-05-25.kml,2025-02-20,FEIJÃO,FEIJÃO,53.8,53.8,True,10.1
FEIJÃO_518655016-1_plantio_25-09-24_colheita_30-12-24.kml,2024-09-25,FEIJÃO,SOJA,82.1,10.8,False,10.1
AVEIA_519509612-1_plantio_10-06-25_colheita_23-10-25.kml,2025-06-10,AVEIA,AVEIA,92.9,92.9,True,10.1
MILHO_518733005-1_plantio_18-09-24_colheita_16-01-25.kml,2024-09-18,MILHO,FEIJÃO,73.2,9.4,False,10.0
AVEIA_517521708-1_plantio_01-06-24_colheita_01-10-24.kml,2024-06-01,AVEIA,AVEIA,92.6,92.6,True,10.1
SOJA_520002192-1_plantio_01-10-25_colheita_31-01-26.kml,2025-10-01,SOJA,SOJA,75.2,75.2,True,10.1
SOJA_517805092-1_plantio_10-10-24_colheita_20-02-25.kml,2024-10-10,SOJA,SOJA,44.8,44.8,True,10.1
SOJA_518413052-1_plantio_25-10-24_colheita_25-03-25.kml,2024-10-25,SOJA,SOJA,47.0,47.0,True,10.0
SOJA_517988319-1_plantio_21-10-24_colheita_15-03-25.kml,2024-10-21,SOJA,SOJA,68.7,68.7,True,10.0
SOJA_518847909-1_plantio_21-10-24_colheita_15-03-25.kml,2024-10-21,SOJA,SOJA,45.9,45.9,True,10.1
SOJA_518260622-1_plantio_01-10-24_colheita_10-02-25.kml,2024-10-01,SOJA,SOJA,64.2,64.2,True,10.1
FEIJÃO_519805771-1_plantio_11-09-25_colheita_28-11-25.kml,2025-09-11,FEIJÃO,MILHO,58.4,23.8,False,10.1
AVEIA_517796446-1_plantio_05-06-24_colheita_10-10-24.kml,2024-06-05,AVEIA,AVEIA,93.4,93.4,True,10.1
MILHO_520364552-1_plantio_01-10-25_colheita_01-05-26.kml,2025-10-01,MILHO,SOJA,44.7,12.9,False,10.0
AVEIA_517710745-1_plantio_01-06-24_colheita_30-10-24.kml,2024-06-01,AVEIA,AVEIA,93.1,93.1,True,10.1
AVEIA_519892631-1_plantio_30-06-25_colheita_30-10-25.kml,2025-06-30,AVEIA,AVEIA,93.7,93.7,True,10.1
TRIGO_519351720-1_plantio_20-06-25_colheita_07-11-25.kml,2025-06-20,TRIGO,TRIGO,93.3,93.3,True,10.1
SOJA_518705793-1_plantio_26-10-24_colheita_01-04-25.kml,2024-10-26,SOJA,FEIJÃO,37.4,23.8,False,10.1
FEIJÃO_518495655-1_plantio_01-09-24_colheita_01-12-24.kml,2024-09-01,FEIJÃO,FEIJÃO,50.0,50.0,True,10.1
AVEIA_518178918-1_plantio_20-06-24_colheita_10-11-24.kml,2024-06-20,AVEIA,AVEIA,93.4,93.4,True,10.0
AVEIA_519815080-1_plantio_25-04-25_colheita_28-08-25.kml,2025-04-25,AVEIA,AVEIA,90.2,90.2,True,10.1
SOJA_518178513-1_plantio_01-11-24_colheita_09-02-25.kml,2024-11-01,SOJA,SOJA,90.9,90.9,True,10.1
SOJA_520370975-1_plantio_01-10-25_colheita_01-02-26.kml,2025-10-01,SOJA,SOJA,84.4,84.4,True,10.1
FEIJÃO_517493410-1_plantio_20-02-24_colheita_10-06-24.kml,2024-02-20,FEIJÃO,FEIJÃO,90.6,90.6,True,10.0
SOJA_517890486-1_plantio_20-10-24_colheita_05-03-25.kml,2024-10-20,SOJA,SOJA,89.7,89.7,True,10.1
MILHO_518225703-1_plantio_10-08-24_colheita_20-01-25.kml,2024-08-10,MILHO,MILHO,84.4,84.4,True,10.1
FEIJÃO_519557891-1_plantio_08-03-25_colheita_22-05-25.kml,2025-03-08,FEIJÃO,MILHO,63.0,30.8,False,10.1
TRIGO_519753586-1_plantio_21-06-25_colheita_20-10-25.kml,2025-06-21,TRIGO,TRIGO,93.1,93.1,True,10.1
FEIJÃO_519465578-1_plantio_24-02-25_colheita_20-05-25.kml,2025-02-24,FEIJÃO,FEIJÃO,77.0,77.0,True,10.1
TRIGO_518059141-1_plantio_01-06-24_colheita_15-10-24.kml,2024-06-01,TRIGO,TRIGO,90.2,90.2,True,10.1
TRIGO_517488303-1_plantio_01-06-24_colheita_01-10-24.kml,2024-06-01,TRIGO,TRIGO,93.5,93.5,True,10.1
FEIJÃO_519311137-1_plantio_01-03-25_colheita_20-05-25.kml,2025-03-01,FEIJÃO,FEIJÃO,87.8,87.8,True,10.1
SOJA_520107082-1_plantio_05-12-25_colheita_14-04-26.kml,2025-12-05,SOJA,SOJA,45.7,45.7,True,10.0
TRIGO_517582680-1_plantio_01-06-24_colheita_20-10-24.kml,2024-06-01,TRIGO,TRIGO,93.2,93.2,True,10.1
MILHO_520164806-1_plantio_28-05-25_colheita_01-12-25.kml,2025-05-28,MILHO,MILHO,81.0,81.0,True,10.0
MILHO_519979405-1_plantio_30-04-25_colheita_01-12-25.kml,2025-04-30,MILHO,MILHO,91.5,91.5,True,10.0
SOJA_520005828-1_plantio_21-09-25_colheita_14-01-26.kml,2025-09-21,SOJA,SOJA,88.2,88.2,True,10.1
FEIJÃO_517433106-1_plantio_01-03-24_colheita_21-05-24.kml,2024-03-01,FEIJÃO,FEIJÃO,71.7,71.7,True,10.1
TRIGO_517582804-1_plantio_10-06-24_colheita_20-10-24.kml,2024-06-10,TRIGO,TRIGO,93.5,93.5,True,10.0
SOJA_520254428-1_plantio_01-11-25_colheita_14-02-26.kml,2025-11-01,SOJA,SOJA,63.2,63.2,True,10.1
SOJA_518838873-1_plantio_20-11-24_colheita_28-02-25.kml,2024-11-20,SOJA,SOJA,84.0,84.0,True,10.0
TRIGO_517680471-1_plantio_05-06-24_colheita_20-10-24.kml,2024-06-05,TRIGO,TRIGO,93.0,93.0,True,10.1
AVEIA_517929586-1_plantio_27-05-24_colheita_01-10-24.kml,2024-05-27,AVEIA,AVEIA,91.9,91.9,True,10.1
MILHO_517980823-1_plantio_01-09-24_colheita_01-04-25.kml,2024-09-01,MILHO,MILHO,46.7,46.7,True,10.0
TRIGO_519736599-1_plantio_01-06-25_colheita_20-10-25.kml,2025-06-01,TRIGO,TRIGO,92.6,92.6,True,10.1
TRIGO_517726358-1_plantio_05-07-24_colheita_20-11-24.kml,2024-07-05,TRIGO,TRIGO,91.1,91.1,True,10.1
SOJA_520293628-1_plantio_11-11-25_colheita_01-04-26.kml,2025-11-11,SOJA,SOJA,89.5,89.5,True,10.1
TRIGO_517531484-1_plantio_25-05-24_colheita_01-10-24.kml,2024-05-25,TRIGO,TRIGO,93.4,93.4,True,10.1
MILHO_519941299-1_plantio_15-09-25_colheita_23-01-26.kml,2025-09-15,MILHO,FEIJÃO,75.9,14.9,False,10.1
SOJA_517847503-1_plantio_20-09-24_colheita_30-01-25.kml,2024-09-20,SOJA,MILHO,78.9,9.3,False,10.1
MILHO_518263107-1_plantio_10-08-24_colheita_10-12-24.kml,2024-08-10,MILHO,MILHO,83.9,83.9,True,10.1
MILHO_518400022-1_plantio_20-11-24_colheita_10-03-25.kml,2024-11-20,MILHO,SOJA,82.9,7.4,False,10.1
MILHO_519754217-1_plantio_10-04-25_colheita_01-10-25.kml,2025-04-10,MILHO,MILHO,91.5,91.5,True,10.1
MILHO_518265593-1_plantio_15-08-24_colheita_03-12-24.kml,2024-08-15,MILHO,MILHO,88.2,88.2,True,10.1
AVEIA_517742332-1_plantio_21-05-24_colheita_15-09-24.kml,2024-05-21,AVEIA,AVEIA,92.1,92.1,True,10.1
MILHO_518415949-1_plantio_01-09-24_colheita_15-01-25.kml,2024-09-01,MILHO,FEIJÃO,42.2,41.3,False,10.0
FEIJÃO_518911613-1_plantio_10-10-24_colheita_01-01-25.kml,2024-10-10,FEIJÃO,SOJA,42.0,23.4,False,10.1
TRIGO_518005977-1_plantio_10-06-24_colheita_18-10-24.kml,2024-06-10,TRIGO,TRIGO,90.2,90.2,True,10.1
MILHO_518426916-1_plantio_21-08-24_colheita_15-02-25.kml,2024-08-21,MILHO,MILHO,88.5,88.5,True,10.1
SOJA_518393503-1_plantio_01-10-24_colheita_08-02-25.kml,2024-10-01,SOJA,SOJA,86.9,86.9,True,10.1
MILHO_519384089-2_plantio_01-05-25_colheita_01-11-25.kml,2025-05-01,MILHO,MILHO,95.3,95.3,True,10.1
MILHO_519873396-1_plantio_10-05-25_colheita_01-11-25.kml,2025-05-10,MILHO,MILHO,90.3,90.3,True,10.1
MILHO_519972387-1_plantio_15-05-25_colheita_01-11-25.kml,2025-05-15,MILHO,MILHO,92.6,92.6,True,10.1
AVEIA_519285323-1_plantio_21-05-25_colheita_08-10-25.kml,2025-05-21,AVEIA,AVEIA,92.4,92.4,True,10.1
TRIGO_517506104-1_plantio_01-06-24_colheita_15-10-24.kml,2024-06-01,TRIGO,TRIGO,90.6,90.6,True,10.1
MILHO_518257181-1_plantio_21-08-24_colheita_08-01-25.kml,2024-08-21,MILHO,MILHO,47.2,47.2,True,10.1
MILHO_517306527-1_plantio_15-02-24_colheita_15-07-24.kml,2024-02-15,MILHO,MILHO,89.4,89.4,True,10.1
AVEIA_520338050-1_plantio_07-07-25_colheita_20-09-25.kml,2025-07-07,AVEIA,AVEIA,93.9,93.9,True,10.1
TRIGO_517472780-1_plantio_25-05-24_colheita_10-11-24.kml,2024-05-25,TRIGO,TRIGO,91.9,91.9,True,10.0
MILHO_517331663-1_plantio_25-01-24_colheita_13-05-24.kml,2024-01-25,MILHO,MILHO,50.0,50.0,True,10.1
TRIGO_518029833-1_plantio_08-06-24_colheita_21-10-24.kml,2024-06-08,TRIGO,TRIGO,92.3,92.3,True,10.1
TRIGO_517681375-1_plantio_01-06-24_colheita_07-10-24.kml,2024-06-01,TRIGO,TRIGO,91.5,91.5,True,10.1
TRIGO_517907363-1_plantio_25-05-24_colheita_05-10-24.kml,2024-05-25,TRIGO,TRIGO,91.7,91.7,True,10.0
AVEIA_519530547-1_plantio_10-06-25_colheita_01-10-25.kml,2025-06-10,AVEIA,AVEIA,91.0,91.0,True,10.1
MILHO_520160485-1_plantio_21-08-25_colheita_19-12-25.kml,2025-08-21,MILHO,MILHO,61.5,61.5,True,10.1
AVEIA_517409103-1_plantio_03-06-24_colheita_15-10-24.kml,2024-06-03,AVEIA,AVEIA,92.9,92.9,True,10.1
TRIGO_518095870-1_plantio_16-05-24_colheita_01-10-24.kml,2024-05-16,TRIGO,TRIGO,92.7,92.7,True,10.1
FEIJÃO_518865949-1_plantio_11-10-24_colheita_10-01-25.kml,2024-10-11,FEIJÃO,SOJA,92.3,2.6,False,10.1
FEIJÃO_517417706-1_plantio_26-01-24_colheita_01-04-24.kml,2024-01-26,FEIJÃO,FEIJÃO,56.8,56.8,True,10.1
TRIGO_519884480-1_plantio_01-06-25_colheita_01-10-25.kml,2025-06-01,TRIGO,TRIGO,93.4,93.4,True,10.1
SOJA_518480032-1_plantio_05-10-24_colheita_12-02-25.kml,2024-10-05,SOJA,SOJA,45.8,45.8,True,10.0
AVEIA_520079166-1_plantio_21-06-25_colheita_15-10-25.kml,2025-06-21,AVEIA,AVEIA,92.3,92.3,True,10.1
AVEIA_519528610-1_plantio_15-06-25_colheita_15-11-25.kml,2025-06-15,AVEIA,AVEIA,93.5,93.5,True,10.1
AVEIA_517471386-1_plantio_04-06-24_colheita_19-09-24.kml,2024-06-04,AVEIA,AVEIA,92.5,92.5,True,10.1
SOJA_518223020-2_plantio_10-11-24_colheita_20-03-25.kml,2024-11-10,SOJA,SOJA,93.9,93.9,True,10.1
SOJA_518455345-1_plantio_01-11-24_colheita_01-05-25.kml,2024-11-01,SOJA,SOJA,82.0,82.0,True,10.1
AVEIA_518139660-1_plantio_15-06-24_colheita_20-09-24.kml,2024-06-15,AVEIA,AVEIA,93.2,93.2,True,10.1
FEIJÃO_517298377-1_plantio_15-01-24_colheita_01-05-24.kml,2024-01-15,FEIJÃO,FEIJÃO,61.3,61.3,True,10.1
TRIGO_517547562-1_plantio_01-06-24_colheita_10-10-24.kml,2024-06-01,TRIGO,TRIGO,89.6,89.6,True,10.1
TRIGO_517784588-1_plantio_25-05-24_colheita_20-10-24.kml,2024-05-25,TRIGO,TRIGO,90.7,90.7,True,10.1
AVEIA_517746683-1_plantio_11-06-24_colheita_01-11-24.kml,2024-06-11,AVEIA,AVEIA,92.6,92.6,True,10.0
TRIGO_517877065-1_plantio_01-06-24_colheita_24-09-24.kml,2024-06-01,TRIGO,TRIGO,92.1,92.1,True,10.1
FEIJÃO_517523633-1_plantio_08-03-24_colheita_01-06-24.kml,2024-03-08,FEIJÃO,MILHO,85.2,9.9,False,10.1
FEIJÃO_519168980-1_plantio_05-02-25_colheita_05-05-25.kml,2025-02-05,FEIJÃO,MILHO,82.4,11.6,False,10.0
FEIJÃO_519001491-1_plantio_11-02-25_colheita_10-06-25.kml,2025-02-11,FEIJÃO,MILHO,64.0,29.7,False,10.1
MILHO_517265567-1_plantio_15-02-24_colheita_15-07-24.kml,2024-02-15,MILHO,MILHO,65.7,65.7,True,10.1
SOJA_518574664-2_plantio_01-11-24_colheita_10-03-25.kml,2024-11-01,SOJA,SOJA,75.9,75.9,True,10.1
FEIJÃO_518608868-1_plantio_20-09-24_colheita_14-12-24.kml,2024-09-20,FEIJÃO,MILHO,49.8,41.1,False,10.1
MILHO_520325000-1_plantio_01-09-25_colheita_01-03-26.kml,2025-09-01,MILHO,FEIJÃO,90.9,2.5,False,10.1
AVEIA_519909346-1_plantio_11-06-25_colheita_29-09-25.kml,2025-06-11,AVEIA,AVEIA,87.2,87.2,True,10.1
TRIGO_517472100-1_plantio_20-06-24_colheita_28-10-24.kml,2024-06-20,TRIGO,TRIGO,92.8,92.8,True,10.1
TRIGO_519882193-1_plantio_10-06-25_colheita_25-10-25.kml,2025-06-10,TRIGO,TRIGO,92.9,92.9,True,10.0
AVEIA_517949535-1_plantio_23-05-24_colheita_20-10-24.kml,2024-05-23,AVEIA,AVEIA,92.5,92.5,True,10.1
AVEIA_519645158-1_plantio_10-06-25_colheita_04-11-25.kml,2025-06-10,AVEIA,AVEIA,92.9,92.9,True,10.0
FEIJÃO_517322376-1_plantio_10-02-24_colheita_05-05-24.kml,2024-02-10,FEIJÃO,MILHO,69.0,23.7,False,10.1
TRIGO_517646395-1_plantio_21-05-24_colheita_05-10-24.kml,2024-05-21,TRIGO,TRIGO,93.4,93.4,True,10.0
SOJA_518685589-1_plantio_25-10-24_colheita_20-03-25.kml,2024-10-25,SOJA,SOJA,84.0,84.0,True,10.1
AVEIA_519778406-1_plantio_26-06-25_colheita_01-10-25.kml,2025-06-26,AVEIA,AVEIA,93.4,93.4,True,10.1
SOJA_518673080-1_plantio_27-12-24_colheita_05-07-25.kml,2024-12-27,SOJA,SOJA,56.7,56.7,True,10.0
TRIGO_517768917-1_plantio_25-06-24_colheita_02-11-24.kml,2024-06-25,TRIGO,TRIGO,90.0,90.0,True,10.1
TRIGO_517263667-1_plantio_01-05-24_colheita_24-08-24.kml,2024-05-01,TRIGO,TRIGO,92.9,92.9,True,10.1
AVEIA_519921431-1_plantio_21-05-25_colheita_25-10-25.kml,2025-05-21,AVEIA,AVEIA,92.7,92.7,True,10.1
SOJA_518234034-1_plantio_16-11-24_colheita_15-04-25.kml,2024-11-16,SOJA,SOJA,91.6,91.6,True,10.1
MILHO_518597650-1_plantio_10-09-24_colheita_29-12-24.kml,2024-09-10,MILHO,SOJA,42.4,23.6,False,10.1
SOJA_518922537-1_plantio_25-10-24_colheita_25-03-25.kml,2024-10-25,SOJA,SOJA,46.0,46.0,True,10.0
FEIJÃO_518383408-1_plantio_02-09-24_colheita_26-11-24.kml,2024-09-02,FEIJÃO,FEIJÃO,55.6,55.6,True,10.1
FEIJÃO_517400846-1_plantio_01-02-24_colheita_20-04-24.kml,2024-02-01,FEIJÃO,MILHO,50.1,42.5,False,10.0
FEIJÃO_519260008-2_plantio_01-02-25_colheita_10-05-25.kml,2025-02-01,FEIJÃO,FEIJÃO,94.2,94.2,True,10.1
MILHO_518606329-1_plantio_10-09-24_colheita_14-03-25.kml,2024-09-10,MILHO,SOJA,83.0,1.4,False,10.1
SOJA_518320578-1_plantio_15-11-24_colheita_30-03-25.kml,2024-11-15,SOJA,SOJA,89.2,89.2,True,10.1
FEIJÃO_517546663-1_plantio_25-02-24_colheita_09-06-24.kml,2024-02-25,FEIJÃO,MILHO,92.6,3.8,False,10.1
SOJA_518443383-1_plantio_11-09-24_colheita_15-01-25.kml,2024-09-11,SOJA,SOJA,77.6,77.6,True,10.1
FEIJÃO_519580354-1_plantio_20-02-25_colheita_01-06-25.kml,2025-02-20,FEIJÃO,FEIJÃO,90.3,90.3,True,10.0
AVEIA_517594898-1_plantio_11-05-24_colheita_29-08-24.kml,2024-05-11,AVEIA,AVEIA,93.2,93.2,True,10.1
TRIGO_517809371-1_plantio_21-05-24_colheita_15-10-24.kml,2024-05-21,TRIGO,TRIGO,93.5,93.5,True,10.1
TRIGO_517898150-1_plantio_15-06-24_colheita_08-10-24.kml,2024-06-15,TRIGO,TRIGO,93.0,93.0,True,10.0
AVEIA_518061035-1_plantio_01-06-24_colheita_01-10-24.kml,2024-06-01,AVEIA,AVEIA,93.8,93.8,True,10.1
TRIGO_519510007-1_plantio_01-07-25_colheita_28-11-25.kml,2025-07-01,TRIGO,TRIGO,91.7,91.7,True,10.1
TRIGO_517526565-1_plantio_21-04-24_colheita_01-09-24.kml,2024-04-21,TRIGO,TRIGO,93.1,93.1,True,10.1
MILHO_518848489-1_plantio_20-03-25_colheita_20-08-25.kml,2025-03-20,MILHO,MILHO,53.0,53.0,True,10.1
SOJA_518500033-1_plantio_10-12-24_colheita_15-04-25.kml,2024-12-10,SOJA,MILHO,59.5,24.0,False,10.1
MILHO_519151853-1_plantio_20-02-25_colheita_20-06-25.kml,2025-02-20,MILHO,MILHO,90.8,90.8,True,10.1
FEIJÃO_520289737-1_plantio_01-09-25_colheita_01-12-25.kml,2025-09-01,FEIJÃO,FEIJÃO,83.0,83.0,True,10.1
MILHO_518312084-1_plantio_05-08-24_colheita_01-01-25.kml,2024-08-05,MILHO,MILHO,75.4,75.4,True,10.1
AVEIA_517566974-1_plantio_15-05-24_colheita_06-09-24.kml,2024-05-15,AVEIA,AVEIA,93.8,93.8,True,10.1
FEIJÃO_519370768-1_plantio_21-02-25_colheita_01-06-25.kml,2025-02-21,FEIJÃO,FEIJÃO,87.9,87.9,True,10.1
MILHO_517869699-1_plantio_17-05-24_colheita_01-11-24.kml,2024-05-17,MILHO,MILHO,72.4,72.4,True,10.1
TRIGO_518037834-1_plantio_10-06-24_colheita_18-10-24.kml,2024-06-10,TRIGO,TRIGO,90.4,90.4,True,10.1
TRIGO_517680074-1_plantio_01-06-24_colheita_20-10-24.kml,2024-06-01,TRIGO,TRIGO,92.8,92.8,True,10.0
TRIGO_517923035-1_plantio_01-06-24_colheita_03-11-24.kml,2024-06-01,TRIGO,TRIGO,93.5,93.5,True,10.1
MILHO_519751063-1_plantio_21-04-25_colheita_01-12-25.kml,2025-04-21,MILHO,MILHO,92.6,92.6,True,10.1
FEIJÃO_517439690-1_plantio_20-02-24_colheita_20-05-24.kml,2024-02-20,FEIJÃO,FEIJÃO,79.4,79.4,True,10.1
AVEIA_519922270-1_plantio_15-05-25_colheita_01-09-25.kml,2025-05-15,AVEIA,AVEIA,84.9,84.9,True,10.0
AVEIA_517720771-1_plantio_21-05-24_colheita_01-10-24.kml,2024-05-21,AVEIA,AVEIA,93.3,93.3,True,10.0
AVEIA_519732708-1_plantio_21-06-25_colheita_20-09-25.kml,2025-06-21,AVEIA,AVEIA,89.1,89.1,True,10.1
AVEIA_517866587-1_plantio_11-06-24_colheita_09-11-24.kml,2024-06-11,AVEIA,AVEIA,94.0,94.0,True,10.1
TRIGO_520150902-1_plantio_23-06-25_colheita_01-11-25.kml,2025-06-23,TRIGO,TRIGO,93.4,93.4,True,10.1
SOJA_518042195-1_plantio_01-11-24_colheita_30-03-25.kml,2024-11-01,SOJA,SOJA,78.1,78.1,True,10.1
MILHO_519284764-1_plantio_15-02-25_colheita_08-08-25.kml,2025-02-15,MILHO,MILHO,94.7,94.7,True,10.0
AVEIA_519689179-1_plantio_20-06-25_colheita_04-11-25.kml,2025-06-20,AVEIA,AVEIA,91.5,91.5,True,10.0
FEIJÃO_517332851-1_plantio_25-02-24_colheita_09-06-24.kml,2024-02-25,FEIJÃO,MILHO,89.0,6.8,False,10.1
SOJA_518857464-1_plantio_15-10-24_colheita_20-01-25.kml,2024-10-15,SOJA,SOJA,90.7,90.7,True,10.0
FEIJÃO_519527239-1_plantio_25-02-25_colheita_02-06-25.kml,2025-02-25,FEIJÃO,FEIJÃO,94.4,94.4,True,10.0
MILHO_517884613-1_plantio_01-05-24_colheita_01-11-24.kml,2024-05-01,MILHO,MILHO,95.1,95.1,True,10.1
SOJA_518433776-1_plantio_15-12-24_colheita_10-05-25.kml,2024-12-15,SOJA,MILHO,58.1,26.3,False,10.1
AVEIA_519786406-1_plantio_21-06-25_colheita_15-10-25.kml,2025-06-21,AVEIA,AVEIA,93.7,93.7,True,10.1
MILHO_518855116-1_plantio_25-02-25_colheita_01-08-25.kml,2025-02-25,MILHO,FEIJÃO,47.9,44.9,False,10.1
TRIGO_517704561-1_plantio_11-05-24_colheita_10-09-24.kml,2024-05-11,TRIGO,TRIGO,93.2,93.2,True,10.1
AVEIA_519856667-1_plantio_01-06-25_colheita_01-10-25.kml,2025-06-01,AVEIA,AVEIA,92.8,92.8,True,10.1
FEIJÃO_517519951-1_plantio_28-02-24_colheita_02-06-24.kml,2024-02-28,FEIJÃO,FEIJÃO,94.5,94.5,True,10.1
SOJA_518581117-1_plantio_11-10-24_colheita_01-02-25.kml,2024-10-11,SOJA,SOJA,60.9,60.9,True,10.1
MILHO_520218990-1_plantio_01-09-25_colheita_09-01-26.kml,2025-09-01,MILHO,FEIJÃO,68.7,15.7,False,10.1
FEIJÃO_519403367-1_plantio_27-01-25_colheita_28-04-25.kml,2025-01-27,FEIJÃO,MILHO,56.1,31.2,False,10.1
FEIJÃO_517302051-1_plantio_01-03-24_colheita_25-05-24.kml,2024-03-01,FEIJÃO,FEIJÃO,91.4,91.4,True,10.2
TRIGO_517708985-1_plantio_05-06-24_colheita_25-10-24.kml,2024-06-05,TRIGO,TRIGO,89.8,89.8,True,10.1
AVEIA_517864699-1_plantio_01-06-24_colheita_01-09-24.kml,2024-06-01,AVEIA,AVEIA,92.1,92.1,True,10.2
MILHO_519407287-1_plantio_12-02-25_colheita_15-07-25.kml,2025-02-12,MILHO,FEIJÃO,57.8,34.2,False,10.1
FEIJÃO_519383361-1_plantio_20-02-25_colheita_10-06-25.kml,2025-02-20,FEIJÃO,MILHO,91.1,4.9,False,10.2
TRIGO_517546760-1_plantio_01-06-24_colheita_19-10-24.kml,2024-06-01,TRIGO,TRIGO,91.5,91.5,True,10.1
MILHO_518804462-1_plantio_30-09-24_colheita_18-01-25.kml,2024-09-30,MILHO,FEIJÃO,60.8,23.6,False,10.2
SOJA_518502038-1_plantio_25-09-24_colheita_19-01-25.kml,2024-09-25,SOJA,SOJA,77.3,77.3,True,10.1
SOJA_519734012-1_plantio_10-10-25_colheita_15-02-26.kml,2025-10-10,SOJA,SOJA,92.2,92.2,True,10.1
MILHO_518324189-1_plantio_15-09-24_colheita_21-03-25.kml,2024-09-15,MILHO,FEIJÃO,63.9,27.0,False,10.1
MILHO_517333241-1_plantio_20-04-24_colheita_01-10-24.kml,2024-04-20,MILHO,MILHO,93.8,93.8,True,10.0
FEIJÃO_517292325-1_plantio_20-02-24_colheita_02-05-24.kml,2024-02-20,FEIJÃO,FEIJÃO,82.3,82.3,True,10.1
AVEIA_517258447-1_plantio_01-06-24_colheita_10-10-24.kml,2024-06-01,AVEIA,AVEIA,93.5,93.5,True,10.0
AVEIA_517427675-1_plantio_21-05-24_colheita_01-10-24.kml,2024-05-21,AVEIA,AVEIA,92.8,92.8,True,10.0
AVEIA_518028893-1_plantio_10-06-24_colheita_28-10-24.kml,2024-06-10,AVEIA,AVEIA,91.9,91.9,True,10.1
MILHO_518179575-1_plantio_18-08-24_colheita_01-05-25.kml,2024-08-18,MILHO,MILHO,67.4,67.4,True,10.1
TRIGO_517748016-1_plantio_08-06-24_colheita_15-10-24.kml,2024-06-08,TRIGO,TRIGO,93.5,93.5,True,10.0
TRIGO_519863136-1_plantio_10-06-25_colheita_25-10-25.kml,2025-06-10,TRIGO,TRIGO,93.2,93.2,True,10.1
MILHO_518655861-1_plantio_01-09-24_colheita_15-01-25.kml,2024-09-01,MILHO,SOJA,53.0,15.0,False,10.1
FEIJÃO_519341766-1_plantio_16-02-25_colheita_01-05-25.kml,2025-02-16,FEIJÃO,FEIJÃO,91.6,91.6,True,10.1
AVEIA_518317322-1_plantio_25-06-24_colheita_10-10-24.kml,2024-06-25,AVEIA,AVEIA,93.6,93.6,True,10.0
TRIGO_517437029-1_plantio_01-06-24_colheita_15-10-24.kml,2024-06-01,TRIGO,TRIGO,93.6,93.6,True,10.0
MILHO_520038846-1_plantio_27-09-25_colheita_15-01-26.kml,2025-09-27,MILHO,FEIJÃO,45.7,32.2,False,10.0
SOJA_518563747-1_plantio_16-12-24_colheita_01-04-25.kml,2024-12-16,SOJA,MILHO,42.7,35.8,False,10.1
FEIJÃO_518163948-1_plantio_08-10-24_colheita_22-12-24.kml,2024-10-08,FEIJÃO,SOJA,90.2,3.4,False,10.1
MILHO_519832260-1_plantio_20-04-25_colheita_20-12-25.kml,2025-04-20,MILHO,MILHO,96.2,96.2,True,10.1
AVEIA_519488923-1_plantio_05-06-25_colheita_12-11-25.kml,2025-06-05,AVEIA,AVEIA,92.2,92.2,True,10.1
FEIJÃO_519553897-1_plantio_20-02-25_colheita_15-05-25.kml,2025-02-20,FEIJÃO,FEIJÃO,65.2,65.2,True,10.0
SOJA_518532774-2_plantio_11-09-24_colheita_31-01-25.kml,2024-09-11,SOJA,SOJA,85.0,85.0,True,10.1
TRIGO_519852143-1_plantio_01-06-25_colheita_10-10-25.kml,2025-06-01,TRIGO,TRIGO,93.2,93.2,True,10.0
FEIJÃO_517409984-1_plantio_05-02-24_colheita_01-05-24.kml,2024-02-05,FEIJÃO,MILHO,76.5,17.8,False,10.0
TRIGO_517839225-1_plantio_15-06-24_colheita_01-11-24.kml,2024-06-15,TRIGO,TRIGO,93.3,93.3,True,10.1
SOJA_518110035-1_plantio_10-10-24_colheita_20-02-25.kml,2024-10-10,SOJA,SOJA,82.1,82.1,True,10.1
TRIGO_517525606-1_plantio_26-05-24_colheita_05-09-24.kml,2024-05-26,TRIGO,TRIGO,85.4,85.4,True,10.1
FEIJÃO_520293518-1_plantio_15-12-25_colheita_01-02-26.kml,2025-12-15,FEIJÃO,SOJA,59.0,16.1,False,10.0
TRIGO_517825033-1_plantio_01-06-24_colheita_09-10-24.kml,2024-06-01,TRIGO,TRIGO,93.2,93.2,True,10.1
AVEIA_519959297-1_plantio_01-06-25_colheita_15-10-25.kml,2025-06-01,AVEIA,AVEIA,93.2,93.2,True,10.1
MILHO_520332552-1_plantio_01-09-25_colheita_01-01-26.kml,2025-09-01,MILHO,FEIJÃO,56.7,33.0,False,10.0
FEIJÃO_519119606-1_plantio_24-02-25_colheita_20-05-25.kml,2025-02-24,FEIJÃO,FEIJÃO,81.2,81.2,True,10.1
AVEIA_520027714-1_plantio_01-06-25_colheita_01-11-25.kml,2025-06-01,AVEIA,AVEIA,79.2,79.2,True,10.1
SOJA_518370615-1_plantio_20-10-24_colheita_10-03-25.kml,2024-10-20,SOJA,SOJA,72.6,72.6,True,10.0
SOJA_518672735-1_plantio_25-09-24_colheita_15-01-25.kml,2024-09-25,SOJA,SOJA,64.4,64.4,True,10.1
AVEIA_519836258-1_plantio_01-06-25_colheita_08-11-25.kml,2025-06-01,AVEIA,AVEIA,92.9,92.9,True,10.0
SOJA_518547865-1_plantio_16-11-24_colheita_01-03-25.kml,2024-11-16,SOJA,SOJA,83.8,83.8,True,10.1
AVEIA_517846857-1_plantio_01-06-24_colheita_05-10-24.kml,2024-06-01,AVEIA,AVEIA,92.8,92.8,True,10.1
TRIGO_517624746-1_plantio_02-06-24_colheita_01-10-24.kml,2024-06-02,TRIGO,TRIGO,93.1,93.1,True,10.1
SOJA_519854356-1_plantio_15-10-25_colheita_15-03-26.kml,2025-10-15,SOJA,SOJA,64.1,64.1,True,10.1
SOJA_518273562-1_plantio_18-11-24_colheita_20-03-25.kml,2024-11-18,SOJA,SOJA,90.6,90.6,True,10.1
SOJA_518264703-1_plantio_25-11-24_colheita_05-03-25.kml,2024-11-25,SOJA,SOJA,90.8,90.8,True,10.1
AVEIA_518262157-1_plantio_30-07-24_colheita_17-12-24.kml,2024-07-30,AVEIA,AVEIA,93.7,93.7,True,10.1
SOJA_517841831-1_plantio_01-10-24_colheita_01-02-25.kml,2024-10-01,SOJA,SOJA,87.7,87.7,True,10.0
FEIJÃO_517530514-1_plantio_24-02-24_colheita_20-05-24.kml,2024-02-24,FEIJÃO,FEIJÃO,61.1,61.1,True,10.0
FEIJÃO_517453249-1_plantio_20-02-24_colheita_15-05-24.kml,2024-02-20,FEIJÃO,FEIJÃO,88.3,88.3,True,10.0
SOJA_518797051-1_plantio_25-11-24_colheita_05-03-25.kml,2024-11-25,SOJA,SOJA,86.9,86.9,True,10.1
FEIJÃO_517558721-1_plantio_28-02-24_colheita_12-06-24.kml,2024-02-28,FEIJÃO,MILHO,84.4,10.6,False,10.1
FEIJÃO_517290751-1_plantio_24-01-24_colheita_08-05-24.kml,2024-01-24,FEIJÃO,MILHO,52.7,32.2,False,10.0
MILHO_519055923-1_plantio_10-02-25_colheita_25-07-25.kml,2025-02-10,MILHO,FEIJÃO,64.7,28.9,False,10.1
SOJA_518861521-1_plantio_20-10-24_colheita_14-03-25.kml,2024-10-20,SOJA,FEIJÃO,35.9,25.4,False,10.0
AVEIA_517535350-1_plantio_05-06-24_colheita_10-10-24.kml,2024-06-05,AVEIA,AVEIA,92.8,92.8,True,10.1
SOJA_518609938-1_plantio_11-09-24_colheita_14-02-25.kml,2024-09-11,SOJA,MILHO,49.3,7.0,False,10.1
TRIGO_517848143-1_plantio_05-06-24_colheita_30-10-24.kml,2024-06-05,TRIGO,TRIGO,93.1,93.1,True,10.1
AVEIA_520025243-1_plantio_02-06-25_colheita_15-10-25.kml,2025-06-02,AVEIA,AVEIA,91.8,91.8,True,10.1
FEIJÃO_518694761-1_plantio_25-09-24_colheita_19-12-24.kml,2024-09-25,FEIJÃO,SOJA,54.3,5.7,False,10.1
MILHO_518415611-1_plantio_15-08-24_colheita_25-12-24.kml,2024-08-15,MILHO,MILHO,62.7,62.7,True,10.1
SOJA_519917216-1_plantio_01-11-25_colheita_15-04-26.kml,2025-11-01,SOJA,SOJA,92.1,92.1,True,10.1
AVEIA_520188869-1_plantio_01-07-25_colheita_18-11-25.kml,2025-07-01,AVEIA,AVEIA,90.1,90.1,True,10.0
TRIGO_517542815-1_plantio_15-06-24_colheita_15-10-24.kml,2024-06-15,TRIGO,TRIGO,88.0,88.0,True,10.0
FEIJÃO_519465352-1_plantio_05-03-25_colheita_25-05-25.kml,2025-03-05,FEIJÃO,MILHO,81.8,12.0,False,10.0
MILHO_518680019-1_plantio_01-12-24_colheita_01-04-25.kml,2024-12-01,MILHO,MILHO,46.9,46.9,True,10.1
SOJA_520242646-1_plantio_10-10-25_colheita_20-02-26.kml,2025-10-10,SOJA,FEIJÃO,49.2,28.7,False,10.1
TRIGO_517549146-1_plantio_20-05-24_colheita_10-10-24.kml,2024-05-20,TRIGO,TRIGO,93.4,93.4,True,10.0
FEIJÃO_519266353-1_plantio_15-01-25_colheita_31-03-25.kml,2025-01-15,FEIJÃO,FEIJÃO,37.9,37.9,True,10.1
TRIGO_519361182-1_plantio_01-06-25_colheita_19-10-25.kml,2025-06-01,TRIGO,TRIGO,93.3,93.3,True,10.1
AVEIA_517705739-1_plantio_11-06-24_colheita_03-11-24.kml,2024-06-11,AVEIA,AVEIA,88.0,88.0,True,10.1
TRIGO_517419661-1_plantio_20-05-24_colheita_01-10-24.kml,2024-05-20,TRIGO,TRIGO,92.9,92.9,True,10.1
FEIJÃO_519940646-1_plantio_20-09-25_colheita_20-12-25.kml,2025-09-20,FEIJÃO,FEIJÃO,46.9,46.9,True,10.0
FEIJÃO_519501976-1_plantio_20-02-25_colheita_16-05-25.kml,2025-02-20,FEIJÃO,MILHO,87.8,7.5,False,10.1
FEIJÃO_518983884-1_plantio_01-01-25_colheita_27-03-25.kml,2025-01-01,FEIJÃO,MILHO,52.5,35.8,False,10.1
TRIGO_519856892-1_plantio_10-06-25_colheita_01-11-25.kml,2025-06-10,TRIGO,TRIGO,91.1,91.1,True,10.1
SOJA_520111571-1_plantio_15-10-25_colheita_13-02-26.kml,2025-10-15,SOJA,SOJA,80.1,80.1,True,10.1
FEIJÃO_517395508-1_plantio_01-02-24_colheita_10-04-24.kml,2024-02-01,FEIJÃO,MILHO,90.1,5.6,False,10.1
MILHO_519923626-1_plantio_05-09-25_colheita_15-02-26.kml,2025-09-05,MILHO,FEIJÃO,57.0,1.7,False,10.1
SOJA_518775944-1_plantio_20-10-24_colheita_20-03-25.kml,2024-10-20,SOJA,SOJA,76.1,76.1,True,10.1
SOJA_518764768-1_plantio_05-12-24_colheita_14-04-25.kml,2024-12-05,SOJA,SOJA,43.1,43.1,True,10.0
TRIGO_517335653-1_plantio_03-06-24_colheita_28-10-24.kml,2024-06-03,TRIGO,TRIGO,86.6,86.6,True,10.1
TRIGO_517778991-1_plantio_15-05-24_colheita_21-09-24.kml,2024-05-15,TRIGO,TRIGO,92.8,92.8,True,10.0
AVEIA_519755368-1_plantio_21-06-25_colheita_20-11-25.kml,2025-06-21,AVEIA,AVEIA,92.0,92.0,True,10.1
TRIGO_519688570-1_plantio_30-05-25_colheita_15-10-25.kml,2025-05-30,TRIGO,TRIGO,93.2,93.2,True,10.1
AVEIA_517547559-1_plantio_10-06-24_colheita_20-09-24.kml,2024-06-10,AVEIA,AVEIA,89.8,89.8,True,10.1
MILHO_519256275-1_plantio_15-01-25_colheita_15-06-25.kml,2025-01-15,MILHO,FEIJÃO,42.5,34.6,False,10.1
SOJA_518318326-1_plantio_01-11-24_colheita_01-02-25.kml,2024-11-01,SOJA,MILHO,67.2,18.6,False,10.0
SOJA_519353103-1_plantio_10-01-25_colheita_20-04-25.kml,2025-01-10,SOJA,FEIJÃO,47.7,12.9,False,10.1
MILHO_518553919-1_plantio_25-08-24_colheita_05-01-25.kml,2024-08-25,MILHO,MILHO,88.6,88.6,True,10.1
AVEIA_517523244-1_plantio_01-06-24_colheita_25-10-24.kml,2024-06-01,AVEIA,AVEIA,92.9,92.9,True,10.0
FEIJÃO_519561032-1_plantio_22-02-25_colheita_23-05-25.kml,2025-02-22,FEIJÃO,FEIJÃO,94.0,94.0,True,10.1
SOJA_520316793-1_plantio_15-11-25_colheita_20-04-26.kml,2025-11-15,SOJA,SOJA,89.8,89.8,True,10.1
MILHO_517454027-1_plantio_17-02-24_colheita_28-05-24.kml,2024-02-17,MILHO,MILHO,57.9,57.9,True,10.1
FEIJÃO_517400662-1_plantio_28-02-24_colheita_31-05-24.kml,2024-02-28,FEIJÃO,FEIJÃO,54.2,54.2,True,10.1
SOJA_518611903-1_plantio_01-10-24_colheita_01-01-25.kml,2024-10-01,SOJA,SOJA,51.0,51.0,True,10.0
TRIGO_517559363-1_plantio_01-06-24_colheita_20-10-24.kml,2024-06-01,TRIGO,TRIGO,92.7,92.7,True,10.1
FEIJÃO_518902173-1_plantio_05-10-24_colheita_29-12-24.kml,2024-10-05,FEIJÃO,SOJA,91.5,2.5,False,10.1
MILHO_519252119-1_plantio_25-02-25_colheita_10-07-25.kml,2025-02-25,MILHO,FEIJÃO,63.6,29.5,False,10.1
AVEIA_519592911-1_plantio_25-06-25_colheita_12-11-25.kml,2025-06-25,AVEIA,AVEIA,92.2,92.2,True,10.1
MILHO_518555715-1_plantio_01-09-24_colheita_01-02-25.kml,2024-09-01,MILHO,FEIJÃO,74.4,9.8,False,10.1
FEIJÃO_518670290-1_plantio_28-09-24_colheita_17-12-24.kml,2024-09-28,FEIJÃO,FEIJÃO,76.2,76.2,True,10.1
SOJA_519128232-1_plantio_25-11-24_colheita_20-03-25.kml,2024-11-25,SOJA,SOJA,89.3,89.3,True,10.0
SOJA_518253104-1_plantio_05-10-24_colheita_20-02-25.kml,2024-10-05,SOJA,SOJA,83.7,83.7,True,10.1
FEIJÃO_519020883-1_plantio_09-10-24_colheita_05-12-24.kml,2024-10-09,FEIJÃO,SOJA,86.8,6.2,False,10.1
SOJA_520207240-1_plantio_25-10-25_colheita_05-02-26.kml,2025-10-25,SOJA,SOJA,68.2,68.2,True,10.1
AVEIA_517494566-1_plantio_01-06-24_colheita_20-10-24.kml,2024-06-01,AVEIA,AVEIA,92.5,92.5,True,10.1
TRIGO_517918767-1_plantio_01-06-24_colheita_15-10-24.kml,2024-06-01,TRIGO,TRIGO,93.1,93.1,True,10.1
AVEIA_519732880-1_plantio_22-05-25_colheita_20-10-25.kml,2025-05-22,AVEIA,AVEIA,92.5,92.5,True,10.1
AVEIA_519787551-1_plantio_21-06-25_colheita_15-10-25.kml,2025-06-21,AVEIA,AVEIA,92.4,92.4,True,10.1
SOJA_518281671-1_plantio_01-11-24_colheita_01-03-25.kml,2024-11-01,SOJA,SOJA,73.3,73.3,True,10.0
TRIGO_517564953-1_plantio_01-06-24_colheita_29-08-24.kml,2024-06-01,TRIGO,TRIGO,93.4,93.4,True,10.1
MILHO_519203272-1_plantio_02-12-24_colheita_15-05-25.kml,2024-12-02,MILHO,MILHO,39.9,39.9,True,10.1
FEIJÃO_518725137-1_plantio_18-09-24_colheita_12-12-24.kml,2024-09-18,FEIJÃO,SOJA,86.5,7.4,False,10.1
MILHO_517497401-1_plantio_01-03-24_colheita_01-07-24.kml,2024-03-01,MILHO,MILHO,63.5,63.5,True,10.1
AVEIA_518007298-1_plantio_25-05-24_colheita_01-11-24.kml,2024-05-25,AVEIA,AVEIA,93.5,93.5,True,10.0
MILHO_518705803-1_plantio_15-11-24_colheita_15-04-25.kml,2024-11-15,MILHO,MILHO,57.6,57.6,True,10.1
FEIJÃO_517470211-1_plantio_21-02-24_colheita_21-05-24.kml,2024-02-21,FEIJÃO,FEIJÃO,58.4,58.4,True,10.1
FEIJÃO_517491462-1_plantio_26-01-24_colheita_10-05-24.kml,2024-01-26,FEIJÃO,FEIJÃO,58.0,58.0,True,10.1
FEIJÃO_519455727-1_plantio_15-01-25_colheita_30-03-25.kml,2025-01-15,FEIJÃO,MILHO,51.0,36.5,False,10.1
AVEIA_517471785-1_plantio_21-05-24_colheita_01-10-24.kml,2024-05-21,AVEIA,AVEIA,93.1,93.1,True,10.1
FEIJÃO_518990586-1_plantio_10-11-24_colheita_10-03-25.kml,2024-11-10,FEIJÃO,SOJA,76.7,6.4,False,10.1
AVEIA_517452405-1_plantio_15-06-24_colheita_01-11-24.kml,2024-06-15,AVEIA,AVEIA,93.4,93.4,True,10.1
TRIGO_519863433-1_plantio_21-05-25_colheita_03-10-25.kml,2025-05-21,TRIGO,TRIGO,92.9,92.9,True,10.1
FEIJÃO_519424544-1_plantio_27-01-25_colheita_27-04-25.kml,2025-01-27,FEIJÃO,FEIJÃO,51.8,51.8,True,10.0
TRIGO_517665258-1_plantio_01-06-24_colheita_01-10-24.kml,2024-06-01,TRIGO,TRIGO,92.4,92.4,True,10.0
AVEIA_520144524-1_plantio_20-06-25_colheita_20-10-25.kml,2025-06-20,AVEIA,AVEIA,92.4,92.4,True,10.1
MILHO_517759433-1_plantio_21-04-24_colheita_01-10-24.kml,2024-04-21,MILHO,MILHO,91.8,91.8,True,10.1
SOJA_520206524-1_plantio_11-09-25_colheita_15-01-26.kml,2025-09-11,SOJA,SOJA,89.1,89.1,True,10.1
TRIGO_519760737-1_plantio_20-06-25_colheita_20-10-25.kml,2025-06-20,TRIGO,TRIGO,93.4,93.4,True,10.1
SOJA_518335891-1_plantio_01-10-24_colheita_03-02-25.kml,2024-10-01,SOJA,SOJA,88.6,88.6,True,10.1
TRIGO_517257811-1_plantio_17-05-24_colheita_19-09-24.kml,2024-05-17,TRIGO,TRIGO,93.3,93.3,True,10.1
AVEIA_517664312-1_plantio_11-05-24_colheita_01-09-24.kml,2024-05-11,AVEIA,AVEIA,93.2,93.2,True,10.1
MILHO_520233800-1_plantio_21-08-25_colheita_10-02-26.kml,2025-08-21,MILHO,MILHO,88.0,88.0,True,10.1
AVEIA_519358913-1_plantio_30-05-25_colheita_17-10-25.kml,2025-05-30,AVEIA,AVEIA,93.2,93.2,True,10.1
TRIGO_517599688-1_plantio_30-05-24_colheita_07-10-24.kml,2024-05-30,TRIGO,TRIGO,92.2,92.2,True,10.1
FEIJÃO_518486805-1_plantio_01-09-24_colheita_30-11-24.kml,2024-09-01,FEIJÃO,SOJA,49.4,31.4,False,10.1
TRIGO_519753187-1_plantio_11-06-25_colheita_01-11-25.kml,2025-06-11,TRIGO,TRIGO,93.2,93.2,True,10.0
SOJA_519721904-1_plantio_01-10-25_colheita_12-01-26.kml,2025-10-01,SOJA,SOJA,86.3,86.3,True,10.1
SOJA_519911132-1_plantio_25-10-25_colheita_25-02-26.kml,2025-10-25,SOJA,SOJA,91.8,91.8,True,10.0
FEIJÃO_517419929-1_plantio_01-02-24_colheita_20-05-24.kml,2024-02-01,FEIJÃO,FEIJÃO,77.4,77.4,True,10.1
AVEIA_517906074-1_plantio_20-06-24_colheita_15-10-24.kml,2024-06-20,AVEIA,AVEIA,93.4,93.4,True,10.0
SOJA_518907678-2_plantio_10-11-24_colheita_10-04-25.kml,2024-11-10,SOJA,SOJA,72.1,72.1,True,10.0
AVEIA_519788799-1_plantio_21-05-25_colheita_30-10-25.kml,2025-05-21,AVEIA,AVEIA,89.1,89.1,True,10.1
MILHO_518599043-1_plantio_12-11-24_colheita_10-02-25.kml,2024-11-12,MILHO,SOJA,71.2,15.8,False,10.0
MILHO_519185521-1_plantio_15-02-25_colheita_15-06-25.kml,2025-02-15,MILHO,MILHO,83.5,83.5,True,10.1
SOJA_518226439-1_plantio_11-09-24_colheita_15-01-25.kml,2024-09-11,SOJA,FEIJÃO,58.6,12.6,False,10.1
SOJA_518031982-1_plantio_10-10-24_colheita_12-02-25.kml,2024-10-10,SOJA,SOJA,73.1,73.1,True,10.0
SOJA_518680057-1_plantio_10-10-24_colheita_10-03-25.kml,2024-10-10,SOJA,SOJA,70.3,70.3,True,10.1
FEIJÃO_517358654-1_plantio_20-02-24_colheita_20-05-24.kml,2024-02-20,FEIJÃO,FEIJÃO,93.2,93.2,True,10.1
FEIJÃO_520125129-1_plantio_10-09-25_colheita_25-12-25.kml,2025-09-10,FEIJÃO,MILHO,46.8,42.4,False,10.1
MILHO_518263465-1_plantio_28-09-24_colheita_16-01-25.kml,2024-09-28,MILHO,MILHO,55.1,55.1,True,10.1
SOJA_518176316-1_plantio_11-09-24_colheita_20-01-25.kml,2024-09-11,SOJA,FEIJÃO,70.6,19.2,False,10.1
FEIJÃO_518293882-1_plantio_02-09-24_colheita_02-12-24.kml,2024-09-02,FEIJÃO,SOJA,62.1,14.0,False,10.1
AVEIA_519426008-1_plantio_01-06-25_colheita_09-09-25.kml,2025-06-01,AVEIA,AVEIA,92.5,92.5,True,10.1
SOJA_518695635-1_plantio_20-10-24_colheita_20-02-25.kml,2024-10-20,SOJA,SOJA,65.7,65.7,True,10.1
MILHO_517257100-1_plantio_20-02-24_colheita_10-06-24.kml,2024-02-20,MILHO,MILHO,62.5,62.5,True,10.1
SOJA_518688725-1_plantio_01-10-24_colheita_01-02-25.kml,2024-10-01,SOJA,SOJA,75.1,75.1,True,10.1
SOJA_518269200-1_plantio_30-10-24_colheita_20-03-25.kml,2024-10-30,SOJA,SOJA,85.8,85.8,True,10.1
FEIJÃO_517470474-1_plantio_15-02-24_colheita_15-05-24.kml,2024-02-15,FEIJÃO,FEIJÃO,78.1,78.1,True,10.1
FEIJÃO_517333401-1_plantio_01-03-24_colheita_25-05-24.kml,2024-03-01,FEIJÃO,FEIJÃO,63.9,63.9,True,10.1
MILHO_517305710-1_plantio_01-05-24_colheita_01-10-24.kml,2024-05-01,MILHO,MILHO,74.0,74.0,True,10.1
TRIGO_517842929-1_plantio_15-06-24_colheita_01-10-24.kml,2024-06-15,TRIGO,TRIGO,92.8,92.8,True,10.1
AVEIA_517855739-1_plantio_15-06-24_colheita_10-10-24.kml,2024-06-15,AVEIA,AVEIA,92.1,92.1,True,10.1
AVEIA_517695367-1_plantio_01-06-24_colheita_20-10-24.kml,2024-06-01,AVEIA,AVEIA,93.6,93.6,True,10.1
SOJA_518668836-1_plantio_05-10-24_colheita_05-03-25.kml,2024-10-05,SOJA,SOJA,63.0,63.0,True,10.1
MILHO_517782776-1_plantio_20-04-24_colheita_01-12-24.kml,2024-04-20,MILHO,MILHO,87.6,87.6,True,10.1
AVEIA_518001216-1_plantio_06-06-24_colheita_29-10-24.kml,2024-06-06,AVEIA,AVEIA,93.9,93.9,True,10.1
SOJA_518253713-1_plantio_15-10-24_colheita_25-01-25.kml,2024-10-15,SOJA,SOJA,65.5,65.5,True,10.1
AVEIA_517410988-1_plantio_01-06-24_colheita_01-10-24.kml,2024-06-01,AVEIA,AVEIA,93.3,93.3,True,10.1
TRIGO_517988793-1_plantio_15-06-24_colheita_10-11-24.kml,2024-06-15,TRIGO,TRIGO,92.7,92.7,True,10.0
MILHO_519423131-1_plantio_20-02-25_colheita_25-07-25.kml,2025-02-20,MILHO,MILHO,93.0,93.0,True,10.1
TRIGO_517989461-1_plantio_30-05-24_colheita_22-09-24.kml,2024-05-30,TRIGO,TRIGO,92.7,92.7,True,10.0
MILHO_519673719-1_plantio_19-03-25_colheita_21-08-25.kml,2025-03-19,MILHO,MILHO,91.2,91.2,True,10.1
AVEIA_519947753-1_plantio_01-06-25_colheita_01-11-25.kml,2025-06-01,AVEIA,AVEIA,93.2,93.2,True,10.0
FEIJÃO_518501098-1_plantio_05-09-24_colheita_05-12-24.kml,2024-09-05,FEIJÃO,SOJA,87.0,3.1,False,10.0
SOJA_518535374-1_plantio_01-11-24_colheita_16-03-25.kml,2024-11-01,SOJA,SOJA,93.3,93.3,True,10.1
MILHO_517322383-1_plantio_11-02-24_colheita_15-06-24.kml,2024-02-11,MILHO,MILHO,74.2,74.2,True,10.0
AVEIA_519596501-1_plantio_21-05-25_colheita_15-09-25.kml,2025-05-21,AVEIA,AVEIA,92.0,92.0,True,10.1
TRIGO_517498645-1_plantio_01-05-24_colheita_20-08-24.kml,2024-05-01,TRIGO,TRIGO,91.7,91.7,True,10.1
TRIGO_517928342-1_plantio_20-06-24_colheita_20-11-24.kml,2024-06-20,TRIGO,TRIGO,92.7,92.7,True,10.1
TRIGO_517610671-1_plantio_20-06-24_colheita_25-10-24.kml,2024-06-20,TRIGO,TRIGO,93.2,93.2,True,10.1
AVEIA_519707022-2_plantio_15-05-25_colheita_06-10-25.kml,2025-05-15,AVEIA,AVEIA,80.8,80.8,True,10.1
TRIGO_519516619-1_plantio_23-06-25_colheita_15-10-25.kml,2025-06-23,TRIGO,TRIGO,93.1,93.1,True,10.1
SOJA_518326361-1_plantio_20-11-24_colheita_20-03-25.kml,2024-11-20,SOJA,SOJA,77.5,77.5,True,10.0
FEIJÃO_518990419-1_plantio_10-11-24_colheita_20-03-25.kml,2024-11-10,FEIJÃO,MILHO,58.2,12.5,False,10.0
FEIJÃO_518300796-1_plantio_20-10-24_colheita_20-01-25.kml,2024-10-20,FEIJÃO,SOJA,72.5,11.0,False,10.1
TRIGO_517930215-1_plantio_05-06-24_colheita_20-10-24.kml,2024-06-05,TRIGO,TRIGO,93.1,93.1,True,10.1
TRIGO_519700484-1_plantio_25-05-25_colheita_10-10-25.kml,2025-05-25,TRIGO,TRIGO,93.6,93.6,True,10.1
MILHO_517525664-1_plantio_25-02-24_colheita_15-07-24.kml,2024-02-25,MILHO,MILHO,84.7,84.7,True,10.1
SOJA_520293796-1_plantio_01-10-25_colheita_05-03-26.kml,2025-10-01,SOJA,SOJA,63.5,63.5,True,10.1
AVEIA_517907888-1_plantio_05-06-24_colheita_30-10-24.kml,2024-06-05,AVEIA,AVEIA,93.4,93.4,True,10.1
FEIJÃO_518457181-1_plantio_01-09-24_colheita_25-11-24.kml,2024-09-01,FEIJÃO,SOJA,58.2,30.5,False,10.1
MILHO_517481049-1_plantio_02-02-24_colheita_21-05-24.kml,2024-02-02,MILHO,MILHO,61.3,61.3,True,10.1
SOJA_518287848-1_plantio_10-10-24_colheita_20-02-25.kml,2024-10-10,SOJA,SOJA,73.9,73.9,True,10.1
FEIJÃO_520378861-1_plantio_15-09-25_colheita_28-12-25.kml,2025-09-15,FEIJÃO,FEIJÃO,89.4,89.4,True,10.1
TRIGO_519841001-1_plantio_30-04-25_colheita_22-09-25.kml,2025-04-30,TRIGO,TRIGO,91.6,91.6,True,10.1
MILHO_518412090-1_plantio_21-12-24_colheita_20-03-25.kml,2024-12-21,MILHO,MILHO,60.6,60.6,True,10.1
FEIJÃO_517593622-1_plantio_16-02-24_colheita_11-05-24.kml,2024-02-16,FEIJÃO,FEIJÃO,82.0,82.0,True,10.1
SOJA_518563042-1_plantio_05-11-24_colheita_10-04-25.kml,2024-11-05,SOJA,SOJA,41.7,41.7,True,10.1
AVEIA_517467799-1_plantio_21-05-24_colheita_20-10-24.kml,2024-05-21,AVEIA,AVEIA,93.1,93.1,True,10.1
FEIJÃO_519434329-1_plantio_04-02-25_colheita_08-05-25.kml,2025-02-04,FEIJÃO,MILHO,87.4,7.7,False,10.1
MILHO_518234097-1_plantio_10-09-24_colheita_01-03-25.kml,2024-09-10,MILHO,MILHO,87.8,87.8,True,10.0
FEIJÃO_518496257-1_plantio_21-09-24_colheita_21-12-24.kml,2024-09-21,FEIJÃO,SOJA,58.0,6.0,False,10.1
MILHO_519720009-1_plantio_01-08-25_colheita_01-01-26.kml,2025-08-01,MILHO,MILHO,82.1,82.1,True,10.1
TRIGO_517537696-1_plantio_11-05-24_colheita_01-10-24.kml,2024-05-11,TRIGO,TRIGO,89.5,89.5,True,10.1
TRIGO_517838859-1_plantio_20-06-24_colheita_25-10-24.kml,2024-06-20,TRIGO,TRIGO,93.1,93.1,True,10.1
FEIJÃO_518637702-1_plantio_01-09-24_colheita_02-12-24.kml,2024-09-01,FEIJÃO,SOJA,94.9,1.7,False,10.1
FEIJÃO_517455884-1_plantio_01-02-24_colheita_01-05-24.kml,2024-02-01,FEIJÃO,MILHO,79.4,15.1,False,10.1
MILHO_520167421-1_plantio_29-06-25_colheita_01-11-25.kml,2025-06-29,MILHO,MILHO,70.7,70.7,True,10.0
MILHO_518226361-1_plantio_21-08-24_colheita_10-01-25.kml,2024-08-21,MILHO,MILHO,76.9,76.9,True,10.1
MILHO_519054687-1_plantio_01-01-25_colheita_01-05-25.kml,2025-01-01,MILHO,MILHO,50.4,50.4,True,10.1
AVEIA_518016029-1_plantio_04-06-24_colheita_20-10-24.kml,2024-06-04,AVEIA,AVEIA,93.1,93.1,True,10.1
MILHO_517540319-1_plantio_15-02-24_colheita_14-07-24.kml,2024-02-15,MILHO,MILHO,84.7,84.7,True,10.0
SOJA_518520903-1_plantio_21-10-24_colheita_21-03-25.kml,2024-10-21,SOJA,FEIJÃO,54.9,23.2,False,10.1
MILHO_519125218-1_plantio_24-11-24_colheita_26-03-25.kml,2024-11-24,MILHO,SOJA,56.2,27.8,False,10.1
SOJA_518868677-1_plantio_04-11-24_colheita_01-04-25.kml,2024-11-04,SOJA,SOJA,93.1,93.1,True,10.1
TRIGO_519944633-1_plantio_11-06-25_colheita_28-10-25.kml,2025-06-11,TRIGO,TRIGO,93.1,93.1,True,10.0
FEIJÃO_519417583-1_plantio_12-02-25_colheita_29-05-25.kml,2025-02-12,FEIJÃO,FEIJÃO,90.1,90.1,True,10.1
SOJA_520065679-1_plantio_10-10-25_colheita_10-03-26.kml,2025-10-10,SOJA,SOJA,46.6,46.6,True,10.1
FEIJÃO_519353451-1_plantio_15-01-25_colheita_15-03-25.kml,2025-01-15,FEIJÃO,FEIJÃO,61.9,61.9,True,10.1
AVEIA_517398636-1_plantio_11-06-24_colheita_05-10-24.kml,2024-06-11,AVEIA,AVEIA,93.4,93.4,True,10.0
TRIGO_519511739-1_plantio_20-06-25_colheita_15-10-25.kml,2025-06-20,TRIGO,TRIGO,92.1,92.1,True,10.0
TRIGO_517531098-1_plantio_25-05-24_colheita_01-10-24.kml,2024-05-25,TRIGO,TRIGO,92.2,92.2,True,10.1
MILHO_520086574-1_plantio_01-09-25_colheita_20-12-25.kml,2025-09-01,MILHO,SOJA,62.6,11.4,False,10.1
TRIGO_517859861-1_plantio_21-05-24_colheita_05-10-24.kml,2024-05-21,TRIGO,TRIGO,93.3,93.3,True,10.0
MILHO_517323205-1_plantio_01-03-24_colheita_15-08-24.kml,2024-03-01,MILHO,MILHO,80.9,80.9,True,10.1
FEIJÃO_518034847-1_plantio_01-09-24_colheita_25-11-24.kml,2024-09-01,FEIJÃO,FEIJÃO,47.7,47.7,True,10.1
TRIGO_518029460-1_plantio_10-06-24_colheita_19-10-24.kml,2024-06-10,TRIGO,TRIGO,92.8,92.8,True,10.1
TRIGO_519669644-1_plantio_25-05-25_colheita_30-09-25.kml,2025-05-25,TRIGO,TRIGO,93.6,93.6,True,10.0
TRIGO_517610871-1_plantio_15-05-24_colheita_10-10-24.kml,2024-05-15,TRIGO,TRIGO,93.6,93.6,True,10.1
FEIJÃO_519474095-1_plantio_01-02-25_colheita_01-05-25.kml,2025-02-01,FEIJÃO,MILHO,67.9,24.3,False,10.1
AVEIA_517671731-1_plantio_01-06-24_colheita_20-10-24.kml,2024-06-01,AVEIA,AVEIA,94.0,94.0,True,10.1
AVEIA_517998793-1_plantio_01-06-24_colheita_15-11-24.kml,2024-06-01,AVEIA,AVEIA,92.0,92.0,True,10.0
SOJA_520137456-1_plantio_01-11-25_colheita_01-03-26.kml,2025-11-01,SOJA,SOJA,88.7,88.7,True,10.1
MILHO_520366279-1_plantio_10-10-25_colheita_21-03-26.kml,2025-10-10,MILHO,MILHO,45.7,45.7,True,10.1
SOJA_518273230-1_plantio_11-09-24_colheita_16-01-25.kml,2024-09-11,SOJA,FEIJÃO,73.2,7.9,False,10.1
AVEIA_518036125-1_plantio_11-06-24_colheita_15-10-24.kml,2024-06-11,AVEIA,AVEIA,92.5,92.5,True,10.1
FEIJÃO_518866807-1_plantio_20-01-25_colheita_15-04-25.kml,2025-01-20,FEIJÃO,FEIJÃO,68.7,68.7,True,10.0
AVEIA_517945336-1_plantio_10-06-24_colheita_10-11-24.kml,2024-06-10,AVEIA,AVEIA,94.1,94.1,True,10.0
TRIGO_520074588-1_plantio_21-06-25_colheita_10-10-25.kml,2025-06-21,TRIGO,TRIGO,92.8,92.8,True,10.0
MILHO_518678919-1_plantio_01-11-24_colheita_01-03-25.kml,2024-11-01,MILHO,MILHO,66.0,66.0,True,10.1
FEIJÃO_519340342-1_plantio_26-02-25_colheita_01-04-25.kml,2025-02-26,FEIJÃO,FEIJÃO,46.8,46.8,True,10.0
MILHO_520253776-1_plantio_21-12-25_colheita_15-04-26.kml,2025-12-21,MILHO,MILHO,54.2,54.2,True,10.1
MILHO_519444381-1_plantio_20-04-25_colheita_01-10-25.kml,2025-04-20,MILHO,MILHO,94.9,94.9,True,10.0
TRIGO_519607316-1_plantio_01-06-25_colheita_15-10-25.kml,2025-06-01,TRIGO,TRIGO,91.1,91.1,True,10.1
MILHO_518580325-1_plantio_01-10-24_colheita_20-02-25.kml,2024-10-01,MILHO,SOJA,33.3,33.1,False,10.1
FEIJÃO_518466891-1_plantio_20-09-24_colheita_14-12-24.kml,2024-09-20,FEIJÃO,SOJA,81.8,10.0,False,10.1
SOJA_518226515-1_plantio_21-11-24_colheita_10-05-25.kml,2024-11-21,SOJA,SOJA,92.3,92.3,True,10.1
MILHO_519734243-1_plantio_12-03-25_colheita_20-07-25.kml,2025-03-12,MILHO,MILHO,91.8,91.8,True,10.1
FEIJÃO_519382911-1_plantio_04-02-25_colheita_30-04-25.kml,2025-02-04,FEIJÃO,FEIJÃO,88.3,88.3,True,10.1
SOJA_520042227-1_plantio_10-10-25_colheita_02-02-26.kml,2025-10-10,SOJA,SOJA,68.9,68.9,True,10.1
TRIGO_517623435-1_plantio_01-06-24_colheita_20-10-24.kml,2024-06-01,TRIGO,TRIGO,91.7,91.7,True,10.0
TRIGO_519446306-1_plantio_05-06-25_colheita_10-11-25.kml,2025-06-05,TRIGO,TRIGO,92.2,92.2,True,10.1
AVEIA_517449027-1_plantio_01-06-24_colheita_15-10-24.kml,2024-06-01,AVEIA,AVEIA,92.8,92.8,True,10.1
SOJA_519750440-1_plantio_10-11-25_colheita_02-04-26.kml,2025-11-10,SOJA,SOJA,94.1,94.1,True,10.1
AVEIA_520165086-1_plantio_15-06-25_colheita_27-10-25.kml,2025-06-15,AVEIA,AVEIA,93.2,93.2,True,10.1
MILHO_519258658-1_plantio_15-02-25_colheita_26-05-25.kml,2025-02-15,MILHO,MILHO,92.3,92.3,True,10.1
TRIGO_519553108-1_plantio_15-06-25_colheita_23-10-25.kml,2025-06-15,TRIGO,TRIGO,92.9,92.9,True,10.1
AVEIA_519434657-1_plantio_20-06-25_colheita_20-10-25.kml,2025-06-20,AVEIA,AVEIA,92.3,92.3,True,10.1
FEIJÃO_517328734-1_plantio_01-03-24_colheita_05-06-24.kml,2024-03-01,FEIJÃO,FEIJÃO,86.1,86.1,True,10.1
AVEIA_517977039-1_plantio_03-06-24_colheita_10-10-24.kml,2024-06-03,AVEIA,AVEIA,93.5,93.5,True,10.1
MILHO_519388583-1_plantio_01-03-25_colheita_01-08-25.kml,2025-03-01,MILHO,MILHO,47.8,47.8,True,10.0
MILHO_517333360-1_plantio_12-02-24_colheita_08-06-24.kml,2024-02-12,MILHO,FEIJÃO,86.5,8.2,False,10.1
AVEIA_518023991-1_plantio_25-05-24_colheita_10-10-24.kml,2024-05-25,AVEIA,AVEIA,90.7,90.7,True,10.0
MILHO_518658299-1_plantio_11-11-24_colheita_10-03-25.kml,2024-11-11,MILHO,SOJA,82.9,6.7,False,10.1
FEIJÃO_518831091-1_plantio_19-01-25_colheita_14-04-25.kml,2025-01-19,FEIJÃO,FEIJÃO,58.2,58.2,True,10.1
AVEIA_520151321-1_plantio_02-06-25_colheita_01-11-25.kml,2025-06-02,AVEIA,AVEIA,93.6,93.6,True,10.1
SOJA_518748685-1_plantio_11-10-24_colheita_20-02-25.kml,2024-10-11,SOJA,SOJA,83.2,83.2,True,10.1
FEIJÃO_519356540-1_plantio_01-02-25_colheita_20-04-25.kml,2025-02-01,FEIJÃO,FEIJÃO,74.6,74.6,True,10.1
TRIGO_518059893-1_plantio_15-06-24_colheita_10-10-24.kml,2024-06-15,TRIGO,TRIGO,93.0,93.0,True,10.0
SOJA_518419423-1_plantio_15-09-24_colheita_20-01-25.kml,2024-09-15,SOJA,SOJA,90.5,90.5,True,10.1
SOJA_518752660-2_plantio_20-10-24_colheita_20-03-25.kml,2024-10-20,SOJA,SOJA,88.1,88.1,True,10.1
AVEIA_518128083-1_plantio_17-06-24_colheita_15-10-24.kml,2024-06-17,AVEIA,AVEIA,92.6,92.6,True,10.1
AVEIA_517635630-1_plantio_21-05-24_colheita_15-10-24.kml,2024-05-21,AVEIA,AVEIA,91.3,91.3,True,10.1
MILHO_518443793-1_plantio_21-08-24_colheita_20-01-25.kml,2024-08-21,MILHO,MILHO,90.5,90.5,True,12.3
TRIGO_520056874-1_plantio_01-06-25_colheita_01-11-25.kml,2025-06-01,TRIGO,TRIGO,93.4,93.4,True,10.1
SOJA_519194997-1_plantio_10-10-24_colheita_10-02-25.kml,2024-10-10,SOJA,SOJA,83.1,83.1,True,10.1
FEIJÃO_519611796-1_plantio_04-03-25_colheita_28-05-25.kml,2025-03-04,FEIJÃO,MILHO,58.9,34.6,False,10.0
MILHO_519709415-1_plantio_01-03-25_colheita_01-07-25.kml,2025-03-01,MILHO,FEIJÃO,66.1,27.6,False,10.1
AVEIA_517818155-1_plantio_01-06-24_colheita_19-09-24.kml,2024-06-01,AVEIA,AVEIA,93.3,93.3,True,10.1
MILHO_518501893-1_plantio_20-08-24_colheita_01-01-25.kml,2024-08-20,MILHO,MILHO,73.5,73.5,True,10.1
FEIJÃO_519504920-1_plantio_01-03-25_colheita_20-05-25.kml,2025-03-01,FEIJÃO,FEIJÃO,90.8,90.8,True,10.1
FEIJÃO_519460799-1_plantio_26-02-25_colheita_20-05-25.kml,2025-02-26,FEIJÃO,FEIJÃO,93.4,93.4,True,10.1
AVEIA_517489320-1_plantio_01-06-24_colheita_25-10-24.kml,2024-06-01,AVEIA,AVEIA,92.2,92.2,True,10.0
TRIGO_519490738-1_plantio_10-06-25_colheita_07-11-25.kml,2025-06-10,TRIGO,TRIGO,92.0,92.0,True,10.1
TRIGO_519749863-1_plantio_20-05-25_colheita_28-10-25.kml,2025-05-20,TRIGO,TRIGO,93.4,93.4,True,10.0
SOJA_518083992-1_plantio_01-10-24_colheita_07-02-25.kml,2024-10-01,SOJA,SOJA,73.0,73.0,True,10.1
MILHO_519598354-1_plantio_01-05-25_colheita_01-11-25.kml,2025-05-01,MILHO,MILHO,82.5,82.5,True,10.1
TRIGO_519746520-1_plantio_10-06-25_colheita_31-10-25.kml,2025-06-10,TRIGO,TRIGO,92.7,92.7,True,10.0
SOJA_518618634-1_plantio_20-10-24_colheita_20-03-25.kml,2024-10-20,SOJA,SOJA,59.3,59.3,True,10.1
FEIJÃO_518782035-1_plantio_14-09-24_colheita_14-12-24.kml,2024-09-14,FEIJÃO,MILHO,55.9,8.0,False,10.0
MILHO_518226541-1_plantio_16-09-24_colheita_01-01-25.kml,2024-09-16,MILHO,FEIJÃO,68.2,17.0,False,10.1
AVEIA_517338116-1_plantio_21-05-24_colheita_01-10-24.kml,2024-05-21,AVEIA,AVEIA,92.7,92.7,True,10.1
AVEIA_517929536-1_plantio_01-06-24_colheita_01-10-24.kml,2024-06-01,AVEIA,AVEIA,92.6,92.6,True,10.1
MILHO_519279962-1_plantio_26-02-25_colheita_27-06-25.kml,2025-02-26,MILHO,MILHO,78.6,78.6,True,10.1
MILHO_518505155-1_plantio_01-11-24_colheita_11-03-25.kml,2024-11-01,MILHO,SOJA,61.3,24.6,False,10.0
MILHO_517465311-1_plantio_01-05-24_colheita_01-10-24.kml,2024-05-01,MILHO,MILHO,91.3,91.3,True,10.0
TRIGO_517372883-1_plantio_05-05-24_colheita_07-09-24.kml,2024-05-05,TRIGO,TRIGO,93.1,93.1,True,10.1
SOJA_518746912-1_plantio_10-11-24_colheita_20-03-25.kml,2024-11-10,SOJA,SOJA,82.6,82.6,True,10.0
AVEIA_517529258-1_plantio_21-05-24_colheita_20-09-24.kml,2024-05-21,AVEIA,AVEIA,90.4,90.4,True,10.1
TRIGO_517745821-1_plantio_01-06-24_colheita_10-11-24.kml,2024-06-01,TRIGO,TRIGO,93.6,93.6,True,10.1
MILHO_520317514-1_plantio_01-12-25_colheita_10-05-26.kml,2025-12-01,MILHO,MILHO,64.2,64.2,True,10.1
TRIGO_517698783-1_plantio_01-06-24_colheita_10-10-24.kml,2024-06-01,TRIGO,TRIGO,91.7,91.7,True,10.1
MILHO_518879502-1_plantio_15-09-24_colheita_01-04-25.kml,2024-09-15,MILHO,MILHO,51.6,51.6,True,10.1
SOJA_519058436-1_plantio_15-11-24_colheita_26-03-25.kml,2024-11-15,SOJA,SOJA,91.9,91.9,True,10.0
AVEIA_518186806-1_plantio_20-06-24_colheita_15-10-24.kml,2024-06-20,AVEIA,AVEIA,92.2,92.2,True,10.0
FEIJÃO_518949261-1_plantio_10-02-25_colheita_26-04-25.kml,2025-02-10,FEIJÃO,MILHO,48.5,44.6,False,10.0
FEIJÃO_518659711-1_plantio_25-02-25_colheita_21-05-25.kml,2025-02-25,FEIJÃO,FEIJÃO,87.8,87.8,True,10.1
FEIJÃO_517607890-1_plantio_20-02-24_colheita_14-05-24.kml,2024-02-20,FEIJÃO,FEIJÃO,80.3,80.3,True,10.1
AVEIA_519484926-1_plantio_10-06-25_colheita_28-10-25.kml,2025-06-10,AVEIA,AVEIA,93.3,93.3,True,10.1
MILHO_519638874-1_plantio_01-05-25_colheita_15-11-25.kml,2025-05-01,MILHO,MILHO,89.6,89.6,True,10.0
AVEIA_517568382-1_plantio_01-06-24_colheita_10-10-24.kml,2024-06-01,AVEIA,AVEIA,93.3,93.3,True,10.0
MILHO_520133916-1_plantio_21-08-25_colheita_19-12-25.kml,2025-08-21,MILHO,MILHO,90.8,90.8,True,10.1
SOJA_518827766-1_plantio_15-10-24_colheita_20-03-25.kml,2024-10-15,SOJA,SOJA,53.6,53.6,True,10.1
TRIGO_519890450-1_plantio_01-06-25_colheita_09-10-25.kml,2025-06-01,TRIGO,TRIGO,93.0,93.0,True,10.1
MILHO_519768419-1_plantio_15-04-25_colheita_01-12-25.kml,2025-04-15,MILHO,MILHO,89.4,89.4,True,10.0
TRIGO_519698009-1_plantio_21-05-25_colheita_20-09-25.kml,2025-05-21,TRIGO,TRIGO,91.4,91.4,True,10.0
SOJA_518741736-1_plantio_02-12-24_colheita_01-04-25.kml,2024-12-02,SOJA,SOJA,62.5,62.5,True,10.1
FEIJÃO_519057800-1_plantio_25-01-25_colheita_20-04-25.kml,2025-01-25,FEIJÃO,FEIJÃO,54.7,54.7,True,10.0
MILHO_518387369-1_plantio_01-08-24_colheita_02-01-25.kml,2024-08-01,MILHO,MILHO,77.0,77.0,True,10.1
SOJA_518284310-1_plantio_21-09-24_colheita_10-03-25.kml,2024-09-21,SOJA,SOJA,38.3,38.3,True,10.0
MILHO_520055434-1_plantio_10-10-25_colheita_27-02-26.kml,2025-10-10,MILHO,MILHO,40.3,40.3,True,10.0
FEIJÃO_517397764-1_plantio_26-01-24_colheita_17-05-24.kml,2024-01-26,FEIJÃO,FEIJÃO,70.5,70.5,True,10.1
AVEIA_517727828-1_plantio_01-06-24_colheita_31-10-24.kml,2024-06-01,AVEIA,AVEIA,92.5,92.5,True,10.0
TRIGO_517913973-1_plantio_25-05-24_colheita_01-11-24.kml,2024-05-25,TRIGO,TRIGO,93.3,93.3,True,10.1
AVEIA_519603893-1_plantio_25-06-25_colheita_28-10-25.kml,2025-06-25,AVEIA,AVEIA,93.5,93.5,True,10.1
SOJA_520181689-1_plantio_10-10-25_colheita_25-04-26.kml,2025-10-10,SOJA,SOJA,78.6,78.6,True,10.0
FEIJÃO_517380257-1_plantio_15-02-24_colheita_30-05-24.kml,2024-02-15,FEIJÃO,FEIJÃO,59.9,59.9,True,10.1
FEIJÃO_518659043-1_plantio_10-10-24_colheita_10-01-25.kml,2024-10-10,FEIJÃO,SOJA,66.0,23.6,False,10.0
MILHO_517292479-1_plantio_15-01-24_colheita_04-05-24.kml,2024-01-15,MILHO,FEIJÃO,55.2,32.2,False,10.1
FEIJÃO_518731378-1_plantio_20-09-24_colheita_20-12-24.kml,2024-09-20,FEIJÃO,FEIJÃO,49.5,49.5,True,10.1
TRIGO_518111978-1_plantio_18-06-24_colheita_05-11-24.kml,2024-06-18,TRIGO,TRIGO,92.6,92.6,True,10.1
AVEIA_519421100-2_plantio_01-06-25_colheita_01-09-25.kml,2025-06-01,AVEIA,AVEIA,92.1,92.1,True,10.1
MILHO_517309462-1_plantio_31-01-24_colheita_20-05-24.kml,2024-01-31,MILHO,MILHO,45.9,45.9,True,10.0
TRIGO_519582657-1_plantio_20-05-25_colheita_20-10-25.kml,2025-05-20,TRIGO,TRIGO,93.7,93.7,True,10.1
SOJA_518629014-1_plantio_11-09-24_colheita_14-02-25.kml,2024-09-11,SOJA,SOJA,47.2,47.2,True,10.1
MILHO_518730753-1_plantio_11-11-24_colheita_10-03-25.kml,2024-11-11,MILHO,MILHO,75.0,75.0,True,10.1
MILHO_519116405-1_plantio_22-11-24_colheita_20-04-25.kml,2024-11-22,MILHO,SOJA,65.2,21.9,False,10.1
AVEIA_519689768-1_plantio_20-04-25_colheita_01-10-25.kml,2025-04-20,AVEIA,AVEIA,71.5,71.5,True,10.1
FEIJÃO_518618944-1_plantio_01-09-24_colheita_20-12-24.kml,2024-09-01,FEIJÃO,SOJA,71.6,20.8,False,10.1
TRIGO_519731319-1_plantio_30-05-25_colheita_20-07-25.kml,2025-05-30,TRIGO,TRIGO,90.0,90.0,True,10.1
MILHO_518403001-1_plantio_02-08-24_colheita_02-01-25.kml,2024-08-02,MILHO,MILHO,81.7,81.7,True,10.1
SOJA_517852562-1_plantio_03-10-24_colheita_31-12-24.kml,2024-10-03,SOJA,SOJA,82.3,82.3,True,10.1
MILHO_518945570-1_plantio_25-09-24_colheita_10-02-25.kml,2024-09-25,MILHO,FEIJÃO,68.8,20.7,False,10.0
MILHO_517403057-1_plantio_26-02-24_colheita_20-07-24.kml,2024-02-26,MILHO,MILHO,92.3,92.3,True,10.1
AVEIA_519695314-1_plantio_01-06-25_colheita_10-10-25.kml,2025-06-01,AVEIA,AVEIA,92.5,92.5,True,10.1
SOJA_518455961-1_plantio_11-11-24_colheita_01-05-25.kml,2024-11-11,SOJA,SOJA,87.2,87.2,True,10.1
SOJA_520133785-1_plantio_20-10-25_colheita_27-02-26.kml,2025-10-20,SOJA,SOJA,68.7,68.7,True,10.1
