{
    "backbone": "convnext_tiny",
    "feature_dim": 768,
    "f1_macro": 0.8464933670196542,
    "accuracy": 0.8321799307958477,
    "f1_per_class": {
        "soja": 0.7818375310393757,
        "milho": 0.68026706231454,
        "trigo": 0.999722145040289,
        "aveia": 0.9970501474926253,
        "feij\u00e3o": 0.7735899492114408
    },
    "tempo_medio_ms": 6.290802479815984,
    "tempo_treino_minutos": 565.0902046733335
}