{
    "backbone": "efficientnet_b0",
    "feature_dim": 1280,
    "f1_macro": 0.8677690432052421,
    "accuracy": 0.8529411764705882,
    "f1_per_class": {
        "soja": 0.8118594436310396,
        "milho": 0.7428760768721008,
        "trigo": 0.999722145040289,
        "aveia": 0.9970443349753695,
        "feij\u00e3o": 0.7873432155074116
    },
    "tempo_medio_ms": 4.073754801037169,
    "tempo_treino_minutos": 47.54052156500002
}