{
    "backbone": "efficientnet_b0",
    "feature_dim": 1280,
    "f1_macro": 0.865623382323794,
    "accuracy": 0.8503460207612457,
    "f1_per_class": {
        "soja": 0.8195652173913044,
        "milho": 0.7375285295076622,
        "trigo": 0.9991668980838656,
        "aveia": 0.9950835791543756,
        "feij\u00e3o": 0.7767726874817624
    },
    "tempo_medio_ms": 5.706526009227218,
    "tempo_treino_minutos": 71.50434300500001
}