{
    "backbone": "resnet50",
    "feature_dim": 2048,
    "f1_macro": 0.8582679725696348,
    "accuracy": 0.8432814302191465,
    "f1_per_class": {
        "soja": 0.7943519188993483,
        "milho": 0.7259358288770054,
        "trigo": 0.9961111111111111,
        "aveia": 0.9930761622156281,
        "feij\u00e3o": 0.7818648417450813
    },
    "tempo_medio_ms": 5.357497765282141,
    "tempo_treino_minutos": 82.33147284500009
}