{
    "f1_macro": 0.8504914027421586,
    "accuracy": 0.852,
    "f1_per_class": {
        "soja": 0.8279773156899811,
        "milho": 0.7025862068965517,
        "trigo": 1.0,
        "aveia": 1.0,
        "feij\u00e3o": 0.7218934911242604
    }
}