{
    "f1_macro": 0.8947820448178544,
    "accuracy": 0.895,
    "f1_per_class": {
        "milho": 0.8394222599830077,
        "soja": 0.8774509803921569,
        "trigo": 0.9674728940783986
    },
    "tempo_medio_ms": 4.740778194423506
}