{
    "f1_macro": 0.8483325424782551,
    "accuracy": 0.8369926813040586,
    "f1_per_class": {
        "soja": 0.8028643639427128,
        "milho": 0.7067137809187279,
        "trigo": 0.99880810488677,
        "aveia": 0.9629629629629629,
        "feij\u00e3o": 0.7703134996801023
    },
    "tempo_medio_ms": 6.187248419819546,
    "tempo_treino_segundos": 3344.543949499959
}